﻿<?xml version="1.0" encoding="utf-8"?><XmlObjectList xmlns:xsi="http://www.w3.org/2001/XMLSchema-instance" xmlns="urn:core"><DesignWindowState sctype="SpaceClaim.DesignWindowState, SpaceClaim" xmlns="urn:spaceclaim"><projections><item><a00>1</a00><a01>0</a01><a02>0</a02><a03>0.012638840582817557</a03><a10>0</a10><a11>1</a11><a12>0</a12><a13>0.01344739016240433</a13><a20>0</a20><a21>0</a21><a22>1</a22><a23>-0.04450731301784517</a23><a33>0.02222222222222222</a33></item><item><a00>-0.014807678372805385</a00><a01>0.94787866128984244</a01><a02>-0.31828725411581216</a02><a03>-0.16145754708780513</a03><a10>-0.91408424853421888</a10><a11>0.11618264547908583</a11><a12>0.38852487625776733</a12><a13>0.02470665318045976</a13><a20>0.40525389479046331</a20><a21>0.29669451690393117</a21><a22>0.86472055855999108</a22><a23>-0.0753366727785404</a23><a33>0.085040589218248683</a33></item><item><a00>0</a00><a01>1</a01><a02>0</a02><a03>0.01544382937419074</a03><a10>0</a10><a11>0</a11><a12>1</a12><a13>0.012638840582817557</a13><a20>1</a20><a21>0</a21><a22>0</a22><a23>-0.051114999999999994</a23><a33>0.022222222222222223</a33></item><item><a00>1</a00><a01>0</a01><a02>0</a02><a03>-0.015443829374190768</a03><a10>0</a10><a11>0</a11><a12>1</a12><a13>-0.013447390162404364</a13><a20>0</a20><a21>-1</a21><a22>0</a22><a23>0.054385000241696832</a23><a33>0.02222222222222222</a33></item></projections><renderingMode>ShadedPerspective</renderingMode><hSplit>0</hSplit><vSplit>1</vSplit><persistentId>60251ec5-22e0-4611-8866-b1669febc42b:0</persistentId><paragraphProperties><lineSpace>0</lineSpace><spaceBefore>0</spaceBefore><spaceAfter>0</spaceAfter><defaultTabSize>0.008</defaultTabSize><textTabStop_Values /><textProperties><fontName>ＭＳ ゴシック</fontName><fontSize>0.0035</fontSize><widthFactor>1</widthFactor><bold>False</bold><italic>False</italic><underline>False</underline><strikethrough>False</strikethrough><verticalOffsetUnits>RunSize</verticalOffsetUnits><horizontalOffsetUnits>RunSize</horizontalOffsetUnits><verticalOffset>0</verticalOffset><horizontalOffset>0</horizontalOffset></textProperties><leftMargin>0</leftMargin><rightMargin>0</rightMargin><textIndentLevel>0</textIndentLevel><indent>0</indent><textAlign>Left</textAlign><rightToLeft>False</rightToLeft></paragraphProperties><enableLineweight>False</enableLineweight><originalActivationOrder>5</originalActivationOrder><activeLayerName>ﾚｲﾔ0</activeLayerName><beamGraphics>Wire</beamGraphics><showRegularEdges>True</showRegularEdges><showLaminarEdges>True</showLaminarEdges><showTangentEdges>True</showTangentEdges><showSilhouetteEdges>True</showSilhouetteEdges><showMeshEdges>True</showMeshEdges><showMeshOpenEdges>True</showMeshOpenEdges><showSoftEdges>True</showSoftEdges><showMeshNonManifoldEdges>True</showMeshNonManifoldEdges><rootPartMoniker sctype="SpaceClaim.BasicMoniker`1[[SpaceClaim.IPart, Nom]], Core" refId="8d9b9876-8cb0-4849-8544-582414f17850:2" /><currentPartMoniker sctype="SpaceClaim.BasicMoniker`1[[SpaceClaim.IPart, Nom]], Core" refId="8d9b9876-8cb0-4849-8544-582414f17850:2" /><homeViewsFirstAngle><item><a00>1</a00><a01>0</a01><a02>0</a02><a03>0</a03><a10>0</a10><a11>1</a11><a12>0</a12><a13>0</a13><a20>0</a20><a21>0</a21><a22>1</a22><a23>0</a23><a33>1</a33><autoScale>True</autoScale></item><item><a00>0.86602540378443871</a00><a01>0.5</a01><a02>5.5511151231257827E-17</a02><a03>0</a03><a10>-0.25000000000000006</a10><a11>0.4330127018922193</a11><a12>0.86602540378443871</a12><a13>0</a13><a20>0.43301270189221935</a20><a21>-0.75</a21><a22>0.5</a22><a23>0</a23><a33>1</a33><autoScale>True</autoScale></item><item><a00>0</a00><a01>1</a01><a02>0</a02><a03>0</a03><a10>0</a10><a11>0</a11><a12>1</a12><a13>0</a13><a20>1</a20><a21>0</a21><a22>0</a22><a23>0</a23><a33>1</a33><autoScale>True</autoScale></item><item><a00>1</a00><a01>0</a01><a02>0</a02><a03>0</a03><a10>0</a10><a11>0</a11><a12>1</a12><a13>0</a13><a20>0</a20><a21>-1</a21><a22>0</a22><a23>0</a23><a33>1</a33><autoScale>True</autoScale></item></homeViewsFirstAngle><homeViewsThirdAngle><item><a00>1</a00><a01>0</a01><a02>0</a02><a03>0</a03><a10>0</a10><a11>1</a11><a12>0</a12><a13>0</a13><a20>0</a20><a21>0</a21><a22>1</a22><a23>0</a23><a33>1</a33><autoScale>True</autoScale></item><item><a00>0.86602540378443871</a00><a01>0.5</a01><a02>5.5511151231257827E-17</a02><a03>0</a03><a10>-0.25000000000000006</a10><a11>0.4330127018922193</a11><a12>0.86602540378443871</a12><a13>0</a13><a20>0.43301270189221935</a20><a21>-0.75</a21><a22>0.5</a22><a23>0</a23><a33>1</a33><autoScale>True</autoScale></item><item><a00>1</a00><a01>0</a01><a02>0</a02><a03>0</a03><a10>0</a10><a11>0</a11><a12>1</a12><a13>0</a13><a20>0</a20><a21>-1</a21><a22>0</a22><a23>0</a23><a33>1</a33><autoScale>True</autoScale></item><item><a00>0</a00><a01>-1</a01><a02>0</a02><a03>0</a03><a10>0</a10><a11>0</a11><a12>1</a12><a13>0</a13><a20>-1</a20><a21>0</a21><a22>0</a22><a23>0</a23><a33>1</a33><autoScale>True</autoScale></item></homeViewsThirdAngle></DesignWindowState></XmlObjectList>