﻿<?xml version="1.0" encoding="utf-8"?><Document version="1.310" xmlns:xsi="http://www.w3.org/2001/XMLSchema-instance" xmlns="urn:core"><nextId>31</nextId><isNotCompletable>False</isNotCompletable><importSource></importSource><importPath></importPath><importComponentName></importComponentName><importTimestamp></importTimestamp><loadTime>0</loadTime><originalToReplacements_Keys><item><versionIndex>1</versionIndex><id>64</id></item><item><versionIndex>1</versionIndex><id>61</id></item><item><versionIndex>1</versionIndex><id>58</id></item><item><versionIndex>1</versionIndex><id>55</id></item><item><versionIndex>1</versionIndex><id>70</id></item><item><versionIndex>1</versionIndex><id>73</id></item><item><versionIndex>1</versionIndex><id>76</id></item><item><versionIndex>1</versionIndex><id>79</id></item><item><versionIndex>1</versionIndex><id>82</id></item><item><versionIndex>1</versionIndex><id>296</id></item><item><versionIndex>1</versionIndex><id>360</id></item><item><versionIndex>1</versionIndex><id>375</id></item><item><versionIndex>1</versionIndex><id>366</id></item><item><versionIndex>1</versionIndex><id>776</id></item><item><versionIndex>1</versionIndex><id>773</id></item><item><versionIndex>1</versionIndex><id>794</id></item><item><versionIndex>1</versionIndex><id>797</id></item><item><versionIndex>1</versionIndex><id>290</id></item><item><versionIndex>1</versionIndex><id>1416</id></item><item><versionIndex>1</versionIndex><id>2983</id></item><item><versionIndex>1</versionIndex><id>2980</id></item><item><versionIndex>1</versionIndex><id>2977</id></item><item><versionIndex>1</versionIndex><id>2974</id></item></originalToReplacements_Keys><originalToReplacements_Values><item><item><versionIndex>1</versionIndex><id>79</id></item></item><item><item><versionIndex>1</versionIndex><id>82</id></item></item><item><item><versionIndex>1</versionIndex><id>73</id></item></item><item><item><versionIndex>1</versionIndex><id>76</id></item></item><item><item><versionIndex>1</versionIndex><id>305</id></item></item><item><item><versionIndex>1</versionIndex><id>341</id></item></item><item><item><versionIndex>1</versionIndex><id>335</id></item></item><item><item><versionIndex>1</versionIndex><id>326</id></item></item><item><item><versionIndex>1</versionIndex><id>314</id></item></item><item><item><versionIndex>1</versionIndex><id>366</id></item><item><versionIndex>1</versionIndex><id>369</id></item></item><item><item><versionIndex>1</versionIndex><id>375</id></item></item><item><item><versionIndex>1</versionIndex><id>754</id></item><item><versionIndex>1</versionIndex><id>757</id></item></item><item><item><versionIndex>1</versionIndex><id>782</id></item><item><versionIndex>1</versionIndex><id>785</id></item><item><versionIndex>1</versionIndex><id>788</id></item></item><item><item><versionIndex>1</versionIndex><id>797</id></item></item><item><item><versionIndex>1</versionIndex><id>794</id></item></item><item><item><versionIndex>1</versionIndex><id>1044</id></item><item><versionIndex>1</versionIndex><id>1047</id></item></item><item><item><versionIndex>1</versionIndex><id>1054</id></item><item><versionIndex>1</versionIndex><id>1057</id></item></item><item><item><versionIndex>1</versionIndex><id>1422</id></item><item><versionIndex>1</versionIndex><id>1425</id></item></item><item><item><versionIndex>1</versionIndex><id>1431</id></item></item><item><item><versionIndex>1</versionIndex><id>2997</id></item></item><item><item><versionIndex>1</versionIndex><id>3000</id></item></item><item><item><versionIndex>1</versionIndex><id>2991</id></item></item><item><item><versionIndex>1</versionIndex><id>2994</id></item></item></originalToReplacements_Values><monikerOriginalToReplacements_Keys /><monikerOriginalToReplacements_Values /><locked>False</locked><EncryptedData Type="http://www.w3.org/2001/04/xmlenc#Element" xmlns="http://www.w3.org/2001/04/xmlenc#"><CipherData><CipherValue>Aydvi0pQmkmn8O2bvxEmdWMJYLF5BiW1R8Rg6HMYXAY=</CipherValue></CipherData></EncryptedData><Design sectionId="6ab505a9-1afc-4b43-a7db-eb0258edde3e" Id="0:1" xmlns="urn:nom"><updateState>2:22</updateState><nextId>1</nextId><PartDef Id="0:2"><updateState>2:19</updateState><patternBase /><defaultEdgeTreatment sctype="SpaceClaim.BasicMoniker`1[[SpaceClaim.IDefaultEdgeTreatment, Nom]], Core" refId="d57d3b34-feae-46f7-a1f6-560c4d6954b5:13" /><materialId>0:0</materialId><type>Normal</type><shareTopology>False</shareTopology><mergeTopology>False</mergeTopology><DefaultEdgeTreatmentDef Id="0:13"><updateState>0:13</updateState><blendRadius>0</blendRadius></DefaultEdgeTreatmentDef><PartSketchCurveContainerDef Id="1:53" xmlns="urn:sketch"><updateState>1:3018</updateState><isDrafting>False</isDrafting></PartSketchCurveContainerDef><NominalBodyDef Id="1:288"><updateState>1:4485</updateState><layerId>0:9</layerId><type>Solid</type><color>255, 128, 128</color><renderingStyle>Plastic</renderingStyle><fillStyle>Opaque</fillStyle><materialId>0:0</materialId><modificationLock>None</modificationLock><finishStyle>MediumGloss</finishStyle><NominalFaceDef Id="1:293"><updateState>1:293</updateState></NominalFaceDef><NominalFaceDef Id="1:299"><updateState>1:299</updateState></NominalFaceDef><NominalFaceDef Id="1:302"><updateState>1:302</updateState></NominalFaceDef><NominalFaceDef Id="1:305"><updateState>1:305</updateState></NominalFaceDef><NominalEdgeDef Id="1:308"><updateState>1:308</updateState><isReversed>False</isReversed></NominalEdgeDef><NominalEdgeDef Id="1:311"><updateState>1:311</updateState><isReversed>False</isReversed></NominalEdgeDef><NominalEdgeDef Id="1:314"><updateState>1:314</updateState><isReversed>False</isReversed></NominalEdgeDef><NominalEdgeDef Id="1:317"><updateState>1:317</updateState><isReversed>False</isReversed></NominalEdgeDef><NominalEdgeDef Id="1:320"><updateState>1:320</updateState><isReversed>False</isReversed></NominalEdgeDef><NominalEdgeDef Id="1:323"><updateState>1:323</updateState><isReversed>False</isReversed></NominalEdgeDef><NominalEdgeDef Id="1:326"><updateState>1:326</updateState><isReversed>False</isReversed></NominalEdgeDef><NominalEdgeDef Id="1:329"><updateState>1:329</updateState><isReversed>False</isReversed></NominalEdgeDef><NominalEdgeDef Id="1:332"><updateState>1:332</updateState><isReversed>False</isReversed></NominalEdgeDef><NominalEdgeDef Id="1:335"><updateState>1:335</updateState><isReversed>False</isReversed></NominalEdgeDef><NominalEdgeDef Id="1:338"><updateState>1:338</updateState><isReversed>False</isReversed></NominalEdgeDef><NominalEdgeDef Id="1:341"><updateState>1:341</updateState><isReversed>False</isReversed></NominalEdgeDef><NominalFaceDef Id="1:369"><updateState>1:764</updateState></NominalFaceDef><NominalFaceDef Id="1:750"><updateState>1:771</updateState></NominalFaceDef><NominalEdgeDef Id="1:754"><updateState>1:754</updateState><isReversed>False</isReversed></NominalEdgeDef><NominalEdgeDef Id="1:757"><updateState>1:757</updateState><isReversed>False</isReversed></NominalEdgeDef><NominalFaceDef Id="1:782"><updateState>1:1076</updateState></NominalFaceDef><NominalFaceDef Id="1:785"><updateState>1:1065</updateState></NominalFaceDef><NominalFaceDef Id="1:788"><updateState>1:1074</updateState></NominalFaceDef><NominalFaceDef Id="1:1037"><updateState>1:1075</updateState></NominalFaceDef><NominalFaceDef Id="1:1040"><updateState>1:1077</updateState></NominalFaceDef><NominalEdgeDef Id="1:1044"><updateState>1:1044</updateState><isReversed>False</isReversed></NominalEdgeDef><NominalEdgeDef Id="1:1047"><updateState>1:1047</updateState><isReversed>False</isReversed></NominalEdgeDef><NominalEdgeDef Id="1:1054"><updateState>1:1063</updateState><isReversed>False</isReversed></NominalEdgeDef><NominalEdgeDef Id="1:1057"><updateState>1:1057</updateState><isReversed>False</isReversed></NominalEdgeDef><NominalFaceDef Id="1:1425"><updateState>1:4457</updateState></NominalFaceDef><NominalEdgeDef Id="1:1431"><updateState>1:4455</updateState><isReversed>False</isReversed></NominalEdgeDef><NominalFaceDef Id="1:4407"><updateState>1:4432</updateState></NominalFaceDef><NominalFaceDef Id="1:4410"><updateState>1:4458</updateState></NominalFaceDef><NominalEdgeDef Id="1:4416"><updateState>1:4462</updateState><isReversed>False</isReversed></NominalEdgeDef></NominalBodyDef></PartDef></Design><PresentationDef sectionId="595f79a0-e194-4d77-946d-55f551b8663a" Id="0:5" xmlns="urn:presentation"><updateState>2:29</updateState><nextLayerHue>270</nextLayerHue><decorationTableKeys /><decorationTableValues /><AttributeTableDef Id="0:6"><updateState>0:6</updateState><paths /><versionNumbers /><idRanges /><attributeIndex /><keys /><layerNames /><layerAttributes /><createdInVersion>310</createdInVersion></AttributeTableDef><LayerDef Id="0:9"><updateState>0:9</updateState><name>ﾚｲﾔ0</name><visible>True</visible><locked>False</locked><color>143, 175, 143</color><fillStyle>Opaque</fillStyle><lineWeight /></LayerDef><RootCaptionDef Id="0:11" xmlns="urn:nom"><updateState>0:23</updateState><subjectId>0:2</subjectId><name>Camera</name><description></description><type version="82">Normal</type><isNameLocked>True</isNameLocked></RootCaptionDef><CaptionDef Id="1:347"><updateState>1:347</updateState><subjectId>1:288</subjectId><name>Solid</name><description></description><type version="82">Mutable</type></CaptionDef></PresentationDef><DocumentSettingsDef sectionId="0ac8f8e0-608c-4b1e-a830-61e2a4bad599" Id="0:16" xmlns="urn:presentation"><updateState>0:22</updateState><topViewDirection>Z</topViewDirection><DocumentUnitsDef Id="0:17"><updateState>0:17</updateState><units><massFactor>1</massFactor><derivedDensity>True</derivedDensity><timeFactor>1</timeFactor><lengthProperties><type>MM</type><factor>1000</factor><symbolDisplay>True</symbolDisplay><annotationSymbolDisplay>True</annotationSymbolDisplay><trailingZeros>False</trailingZeros><symbol>mm</symbol><secondSymbol>""</secondSymbol><fractionSeparator> </fractionSeparator><decimalPlaces>3</decimalPlaces><largestDenominator>0</largestDenominator><minorsInMajor>10</minorsInMajor><minorTickInterval>0.001</minorTickInterval><angularPrecision>1</angularPrecision><angularTrailingZeros>False</angularTrailingZeros></lengthProperties><angleFactor>57.295779513082323</angleFactor><textHeightUnits>MM</textHeightUnits><newMassSymbol>g</newMassSymbol><newMassType>GRAMS</newMassType><newMassFactor>1000</newMassFactor><dualDimensionDisplay>False</dualDimensionDisplay><extendedInformationDisplay>None</extendedInformationDisplay><nearestFractionLargestDenominator>16</nearestFractionLargestDenominator><showNearestFromBothSides>False</showNearestFromBothSides><useTightTolerance>False</useTightTolerance><densityProperties><massType>GRAMS</massType><lengthType>MM</lengthType><massSymbol>g</massSymbol><lengthSymbol>mm</lengthSymbol><massFactor>1000</massFactor><lengthFactor>1000</lengthFactor></densityProperties><angularUnits>Degrees</angularUnits></units><alternateUnits><massFactor>1</massFactor><derivedDensity>True</derivedDensity><timeFactor>1</timeFactor><lengthProperties><type>INCHES</type><factor>39.370078740157481</factor><symbolDisplay>True</symbolDisplay><annotationSymbolDisplay>True</annotationSymbolDisplay><trailingZeros>True</trailingZeros><symbol>in</symbol><secondSymbol>in</secondSymbol><fractionSeparator>-</fractionSeparator><decimalPlaces>3</decimalPlaces><largestDenominator>0</largestDenominator><minorsInMajor>8</minorsInMajor><minorTickInterval>0.003175</minorTickInterval><angularPrecision>1</angularPrecision><angularTrailingZeros>False</angularTrailingZeros></lengthProperties><angleFactor>57.295779513082323</angleFactor><textHeightUnits>INCHES</textHeightUnits><newMassSymbol>lb</newMassSymbol><newMassType>POUNDS</newMassType><newMassFactor>2.20462</newMassFactor><dualDimensionDisplay>False</dualDimensionDisplay><extendedInformationDisplay>None</extendedInformationDisplay><nearestFractionLargestDenominator>16</nearestFractionLargestDenominator><showNearestFromBothSides>False</showNearestFromBothSides><useTightTolerance>False</useTightTolerance><densityProperties><massType>POUNDS</massType><lengthType>INCHES</lengthType><massSymbol>lb</massSymbol><lengthSymbol>in</lengthSymbol><massFactor>2.20462</massFactor><lengthFactor>39.370078740157481</lengthFactor></densityProperties><angularUnits>Degrees</angularUnits></alternateUnits><unitsSecondary><massFactor>1</massFactor><derivedDensity>True</derivedDensity><timeFactor>1</timeFactor><lengthProperties><type>INCHES</type><factor>39.370078740157481</factor><symbolDisplay>True</symbolDisplay><annotationSymbolDisplay>False</annotationSymbolDisplay><trailingZeros>True</trailingZeros><symbol>in</symbol><secondSymbol></secondSymbol><fractionSeparator></fractionSeparator><decimalPlaces>3</decimalPlaces><largestDenominator>0</largestDenominator><minorsInMajor>10</minorsInMajor><minorTickInterval>0.0025399999999999997</minorTickInterval><angularPrecision>1</angularPrecision><angularTrailingZeros>False</angularTrailingZeros></lengthProperties><angleFactor>57.295779513082323</angleFactor><textHeightUnits>INCHES</textHeightUnits><newMassSymbol>lb</newMassSymbol><newMassType>POUNDS</newMassType><newMassFactor>2.20462</newMassFactor><dualDimensionDisplay>False</dualDimensionDisplay><extendedInformationDisplay>None</extendedInformationDisplay><nearestFractionLargestDenominator>16</nearestFractionLargestDenominator><showNearestFromBothSides>False</showNearestFromBothSides><useTightTolerance>False</useTightTolerance><densityProperties><massType>OUNCES</massType><lengthType>INCHES</lengthType><massSymbol>oz</massSymbol><lengthSymbol>in</lengthSymbol><massFactor>35.27392</massFactor><lengthFactor>39.370078740157481</lengthFactor></densityProperties><angularUnits>Degrees</angularUnits></unitsSecondary><alternateUnitsSecondary><massFactor>1</massFactor><derivedDensity>True</derivedDensity><timeFactor>1</timeFactor><lengthProperties><type>MM</type><factor>1000</factor><symbolDisplay>True</symbolDisplay><annotationSymbolDisplay>False</annotationSymbolDisplay><trailingZeros>False</trailingZeros><symbol>mm</symbol><secondSymbol></secondSymbol><fractionSeparator></fractionSeparator><decimalPlaces>3</decimalPlaces><largestDenominator>0</largestDenominator><minorsInMajor>10</minorsInMajor><minorTickInterval>0.0001</minorTickInterval><angularPrecision>1</angularPrecision><angularTrailingZeros>False</angularTrailingZeros></lengthProperties><angleFactor>57.295779513082323</angleFactor><textHeightUnits>MM</textHeightUnits><newMassSymbol>kg</newMassSymbol><newMassType>KILOGRAMS</newMassType><newMassFactor>1</newMassFactor><dualDimensionDisplay>False</dualDimensionDisplay><extendedInformationDisplay>None</extendedInformationDisplay><nearestFractionLargestDenominator>16</nearestFractionLargestDenominator><showNearestFromBothSides>False</showNearestFromBothSides><useTightTolerance>False</useTightTolerance><densityProperties><massType>GRAMS</massType><lengthType>CM</lengthType><massSymbol>g</massSymbol><lengthSymbol>cm</lengthSymbol><massFactor>1000</massFactor><lengthFactor>100</lengthFactor></densityProperties><angularUnits>Degrees</angularUnits></alternateUnitsSecondary></DocumentUnitsDef><DocumentDetailSettingsDef Id="0:19"><updateState>0:19</updateState><settings><defaultViewProjection>ThirdAngle</defaultViewProjection><defaultViewLayout>BottomLeft</defaultViewLayout><sectionLineArrowSize>0.0028</sectionLineArrowSize><sectionLineLength>0.014</sectionLineLength><leaderCircleSize>0.0009</leaderCircleSize><leaderArrowLength>0.0025</leaderArrowLength><leaderArrowWidth>0.0006</leaderArrowWidth><defaultLeaderShoulderLength>0.00564444444</defaultLeaderShoulderLength><leaderTextBoxGap>0.00141111111</leaderTextBoxGap><defaultFillStyle>Filled</defaultFillStyle><enforceDimensionLine>False</enforceDimensionLine><dimensionTextIsHorizontal>True</dimensionTextIsHorizontal><defaultDimensionTextLocation>MiddleOfTopLine</defaultDimensionTextLocation><tightDimensionTextDistance>False</tightDimensionTextDistance><dimensionTextOffset>0</dimensionTextOffset><defaultGtolFontName>SpaceClaim ASME CB</defaultGtolFontName><extensionLineGap>0.001</extensionLineGap><extensionLineExtend>0.002</extensionLineExtend><dimensionLineExtend>0.006</dimensionLineExtend><annotationCreationColor>Black</annotationCreationColor><detailViewClippedEdgesColor>Black</detailViewClippedEdgesColor><brokenViewClippedEdgesColor>Black</brokenViewClippedEdgesColor><defaultToleranceVerticalPosition>Middle</defaultToleranceVerticalPosition><fractionalScaleDivider>:</fractionalScaleDivider><minimumDefaultHatchSpacing>0.0007</minimumDefaultHatchSpacing><maximumDefaultHatchSpacing>0.02</maximumDefaultHatchSpacing><detailViewBoundaryRendering>PhantomThin</detailViewBoundaryRendering><detailViewNoteLayout>TwoLines</detailViewNoteLayout><crossSectionArrowsRendering>PhantomThick</crossSectionArrowsRendering><detailViewNoteScaleText>SCALE</detailViewNoteScaleText><detailViewNoteDetailText>DETAIL</detailViewNoteDetailText><defaultTextHeight>0.0035</defaultTextHeight><detailViewNameTextHeightRatio>1.4</detailViewNameTextHeightRatio><detailViewNotePlacement>Centered</detailViewNotePlacement><crossSectionArrowOutwardDistance>0</crossSectionArrowOutwardDistance><crossSectionArrowPenetrationDistance>0.0075</crossSectionArrowPenetrationDistance><crossSectionArrowDirectionDisplayStyle>From</crossSectionArrowDirectionDisplayStyle><defaultSectionNameNotePrefix>SECTION</defaultSectionNameNotePrefix><defaultThickLineWeight>0.0007</defaultThickLineWeight><defaultThinLineWeight>0.00035</defaultThinLineWeight><defaultMediumLineWeight>0.000525</defaultMediumLineWeight><defaultDetailViewClippedEdgeExtent>0</defaultDetailViewClippedEdgeExtent><defaultBrokenViewClippedEdgeExtent>0</defaultBrokenViewClippedEdgeExtent><defaultForeshortenedCenterSize>0.004</defaultForeshortenedCenterSize><useThickLineWeightForAreaCrossSectionBorderLines>True</useThickLineWeightForAreaCrossSectionBorderLines><threadDisplayStandard>AsmeSimplified</threadDisplayStandard><centerLinesExtend>0.003</centerLinesExtend><crossSectionArrowLineWeight>THICK</crossSectionArrowLineWeight><detailViewBoundaryLineWeight>THIN</detailViewBoundaryLineWeight><virtualSharpRendering>None</virtualSharpRendering><centermarkCrossRadius>0</centermarkCrossRadius><defaultDimensionArrowShape>Arrow</defaultDimensionArrowShape><ordinateDimsShowZeroBaseline>True</ordinateDimsShowZeroBaseline><ordinateDimsDimensionLineAndTextOrientation>HideCommonDimensionLineTextVertical</ordinateDimsDimensionLineAndTextOrientation><datumSymbolAttachment>Triangle</datumSymbolAttachment><datumSymbolFrame>Rectangular</datumSymbolFrame><isTrimBackProportional>False</isTrimBackProportional><showConstructionCurvesOffPlane>True</showConstructionCurvesOffPlane><threadDiameterDimensionDesignationTextOption>Never</threadDiameterDimensionDesignationTextOption><datumCalloutTextHeightRatio>3.5</datumCalloutTextHeightRatio><datumTargetPointSize>0.00494975</datumTargetPointSize><datumTargetHatchSpacing>0.001</datumTargetHatchSpacing><datumTargetHatchAngle>0.78539816339744828</datumTargetHatchAngle><datumCalloutLeaderShape>None</datumCalloutLeaderShape><datumTargetLineShowEndPoints>True</datumTargetLineShowEndPoints><weldingSymbolStandard>AWS</weldingSymbolStandard><hideAnnotationsBehindModel>False</hideAnnotationsBehindModel><projectionArrowsStyle>Double</projectionArrowsStyle><chamferDimensionStyle>Linear</chamferDimensionStyle><chamferDimensionTextStyle>X45</chamferDimensionTextStyle><showNotesForProjectedViews>False</showNotesForProjectedViews><showNotesForAuxiliaryViews>False</showNotesForAuxiliaryViews><projectedViewLabelPrefix>VIEW</projectedViewLabelPrefix><auxiliaryViewLabelPrefix>VIEW</auxiliaryViewLabelPrefix><showProjectedViewArrows>False</showProjectedViewArrows><showAuxiliaryViewArrows>False</showAuxiliaryViewArrows><projectionArrowLength>0.014</projectionArrowLength><assignmentArray><item><key>Annotation</key><value><linestyleId>Solid</linestyleId><lineWeight>THIN</lineWeight></value></item><item><key>AreaCrossHatchingBorderLines</key><value><linestyleId>Solid</linestyleId><lineWeight>THICK</lineWeight></value></item><item><key>BrokenOutSectionClippingEdges</key><value><linestyleId>Solid</linestyleId><lineWeight>THIN</lineWeight></value></item><item><key>BrokenViewClippingEdges</key><value><linestyleId>Solid</linestyleId><lineWeight>THIN</lineWeight></value></item><item><key>CenterLines</key><value><linestyleId>LongDashDotted</linestyleId><lineWeight>THIN</lineWeight></value></item><item><key>CrossHatching</key><value><linestyleId>Solid</linestyleId><lineWeight>THIN</lineWeight></value></item><item><key>CrossHatchingBorderLines</key><value><linestyleId>Solid</linestyleId><lineWeight>THICK</lineWeight></value></item><item><key>CrossSectionCutLineTips</key><value><linestyleId>Solid</linestyleId><lineWeight>THICK</lineWeight></value></item><item><key>DatumTargetAreaBorder</key><value><linestyleId>LongDashDoubleDotted</linestyleId><lineWeight>THIN</lineWeight></value></item><item><key>DatumTargetLine</key><value><linestyleId>LongDashDoubleDotted</linestyleId><lineWeight>THIN</lineWeight></value></item><item><key>DetailViewClippingEdges</key><value><linestyleId>Solid</linestyleId><lineWeight>THICK</lineWeight></value></item><item><key>DrawingHiddenEdges</key><value><linestyleId>Dash</linestyleId><lineWeight>THIN</lineWeight></value></item><item><key>DrawingVisibleEdges</key><value><linestyleId>Solid</linestyleId><lineWeight>THICK</lineWeight></value></item><item><key>ProjectionArrowTipsType</key><value><linestyleId>Solid</linestyleId><lineWeight>THICK</lineWeight></value></item><item><key>ProjectionArrowType</key><value><linestyleId>LongDashDotted</linestyleId><lineWeight>THICK</lineWeight></value></item></assignmentArray></settings></DocumentDetailSettingsDef></DocumentSettingsDef></Document>