<?xml version="1.0"?>
<VersionHistory xmlns:xsd="http://www.w3.org/2001/XMLSchema" xmlns:xsi="http://www.w3.org/2001/XMLSchema-instance">
  <Versions>
    <guid>d57d3b34-feae-46f7-a1f6-560c4d6954b5</guid>
    <guid>cc3a7700-33d9-4844-95f0-316c375600af</guid>
    <guid>92286b37-9d3d-4729-93f6-8afbc52e726f</guid>
  </Versions>
  <History>
    <int>-1</int>
    <int>0</int>
    <int>1</int>
  </History>
  <HighestSavedFromMajorReleases>
    <int>310</int>
    <int>310</int>
    <int>310</int>
  </HighestSavedFromMajorReleases>
</VersionHistory>