﻿<?xml version="1.0" encoding="utf-8"?><RenderList Version="0.5" Views="2"><View Id="8dd6ca4d-78d8-4c8f-8a64-041be074cd59:0" Items="1" Box="-0.012000000104308128,-0.004999999888241291,0,0,0.028000000864267349,0.029999999329447746"><Item Id="0:2" Dimmed="0" Transform="1,0,0,0,0,1,0,0,0,0,1,0,0,0,0,1" Bodies="1" Components="0" Path=""><Body Id="0:567" Visible="1" Color="-16744193" FillStyle="1" BodyType="0" RenderingStyle="1" FinishStyle="3" /></Item></View><View Id="00000000-0000-0000-0000-000000000000:0" Items="1" Box="-0.012000000104308128,-0.004999999888241291,0,0,0.028000000864267349,0.029999999329447746"><Item Id="0:2" Dimmed="0" Transform="1,0,0,0,0,1,0,0,0,0,1,0,0,0,0,1" Bodies="1" Components="0" Path=""><Body Id="0:567" Visible="1" Color="-16744193" FillStyle="1" BodyType="0" RenderingStyle="1" FinishStyle="3" /></Item></View></RenderList>