﻿<?xml version="1.0" encoding="utf-8"?><XmlObjectList xmlns:xsi="http://www.w3.org/2001/XMLSchema-instance" xmlns="urn:core"><DesignWindowState sctype="SpaceClaim.DesignWindowState, SpaceClaim" xmlns="urn:spaceclaim"><projections><item><a00>1</a00><a01>0</a01><a02>0</a02><a03>0</a03><a10>0</a10><a11>1</a11><a12>0</a12><a13>0</a13><a20>0</a20><a21>0</a21><a22>1</a22><a23>-0.020000000949949026</a23><a33>0.066666666666666666</a33></item><item><a00>0.021966383666861267</a00><a01>-0.075012451289220836</a01><a02>-0.99694062518295568</a02><a03>0.016404527833760722</a03><a10>0.12271304109006645</a10><a11>0.98984337956047375</a11><a12>-0.071774601961470369</a12><a13>-0.059583875506226236</a13><a20>0.99219906648566647</a20><a21>-0.12076098745821066</a21><a22>0.030948285462848713</a22><a23>0.016019133917328711</a23><a33>0.27099685799421319</a33></item><item><a00>0</a00><a01>1</a01><a02>0</a02><a03>0</a03><a10>0</a10><a11>0</a11><a12>1</a12><a13>0</a13><a20>1</a20><a21>0</a21><a22>0</a22><a23>0.014000000432133675</a23><a33>0.066666666666666666</a33></item><item><a00>1</a00><a01>0</a01><a02>0</a02><a03>0</a03><a10>0</a10><a11>0</a11><a12>1</a12><a13>0</a13><a20>0</a20><a21>-1</a21><a22>0</a22><a23>0.022749998606741428</a23><a33>0.066666666666666666</a33></item></projections><renderingMode>Shaded</renderingMode><hSplit>0</hSplit><vSplit>1</vSplit><persistentId>035aed4f-bde9-4a34-8942-a1dd9e6bd8f5:0</persistentId><paragraphProperties><lineSpace>0</lineSpace><spaceBefore>0</spaceBefore><spaceAfter>0</spaceAfter><defaultTabSize>0.008</defaultTabSize><textTabStop_Values /><textProperties><fontName>ＭＳ ゴシック</fontName><fontSize>0.0035</fontSize><widthFactor>1</widthFactor><bold>False</bold><italic>False</italic><underline>False</underline><strikethrough>False</strikethrough><verticalOffsetUnits>RunSize</verticalOffsetUnits><horizontalOffsetUnits>RunSize</horizontalOffsetUnits><verticalOffset>0</verticalOffset><horizontalOffset>0</horizontalOffset></textProperties><leftMargin>0</leftMargin><rightMargin>0</rightMargin><textIndentLevel>0</textIndentLevel><indent>0</indent><textAlign>Left</textAlign><rightToLeft>False</rightToLeft></paragraphProperties><enableLineweight>False</enableLineweight><originalActivationOrder>1</originalActivationOrder><activeLayerName>ﾚｲﾔ0</activeLayerName><beamGraphics>Wire</beamGraphics><showRegularEdges>True</showRegularEdges><showLaminarEdges>True</showLaminarEdges><showTangentEdges>True</showTangentEdges><showSilhouetteEdges>True</showSilhouetteEdges><showMeshEdges>True</showMeshEdges><showMeshOpenEdges>True</showMeshOpenEdges><showSoftEdges>True</showSoftEdges><showMeshNonManifoldEdges>True</showMeshNonManifoldEdges><rootPartMoniker sctype="SpaceClaim.BasicMoniker`1[[SpaceClaim.IPart, Nom]], Core" refId="39c3238e-72b4-45fb-8c29-fbd02b7cd680:2" /><currentPartMoniker sctype="SpaceClaim.BasicMoniker`1[[SpaceClaim.IPart, Nom]], Core" refId="39c3238e-72b4-45fb-8c29-fbd02b7cd680:2" /><homeViewsFirstAngle><item><a00>1</a00><a01>0</a01><a02>0</a02><a03>0</a03><a10>0</a10><a11>1</a11><a12>0</a12><a13>0</a13><a20>0</a20><a21>0</a21><a22>1</a22><a23>0</a23><a33>1</a33><autoScale>True</autoScale></item><item><a00>0.86602540378443871</a00><a01>0.5</a01><a02>5.5511151231257827E-17</a02><a03>0</a03><a10>-0.25000000000000006</a10><a11>0.4330127018922193</a11><a12>0.86602540378443871</a12><a13>0</a13><a20>0.43301270189221935</a20><a21>-0.75</a21><a22>0.5</a22><a23>0</a23><a33>1</a33><autoScale>True</autoScale></item><item><a00>0</a00><a01>1</a01><a02>0</a02><a03>0</a03><a10>0</a10><a11>0</a11><a12>1</a12><a13>0</a13><a20>1</a20><a21>0</a21><a22>0</a22><a23>0</a23><a33>1</a33><autoScale>True</autoScale></item><item><a00>1</a00><a01>0</a01><a02>0</a02><a03>0</a03><a10>0</a10><a11>0</a11><a12>1</a12><a13>0</a13><a20>0</a20><a21>-1</a21><a22>0</a22><a23>0</a23><a33>1</a33><autoScale>True</autoScale></item></homeViewsFirstAngle><homeViewsThirdAngle><item><a00>1</a00><a01>0</a01><a02>0</a02><a03>0</a03><a10>0</a10><a11>1</a11><a12>0</a12><a13>0</a13><a20>0</a20><a21>0</a21><a22>1</a22><a23>0</a23><a33>1</a33><autoScale>True</autoScale></item><item><a00>0.86602540378443871</a00><a01>0.5</a01><a02>5.5511151231257827E-17</a02><a03>0</a03><a10>-0.25000000000000006</a10><a11>0.4330127018922193</a11><a12>0.86602540378443871</a12><a13>0</a13><a20>0.43301270189221935</a20><a21>-0.75</a21><a22>0.5</a22><a23>0</a23><a33>1</a33><autoScale>True</autoScale></item><item><a00>1</a00><a01>0</a01><a02>0</a02><a03>0</a03><a10>0</a10><a11>0</a11><a12>1</a12><a13>0</a13><a20>0</a20><a21>-1</a21><a22>0</a22><a23>0</a23><a33>1</a33><autoScale>True</autoScale></item><item><a00>0</a00><a01>-1</a01><a02>0</a02><a03>0</a03><a10>0</a10><a11>0</a11><a12>1</a12><a13>0</a13><a20>-1</a20><a21>0</a21><a22>0</a22><a23>0</a23><a33>1</a33><autoScale>True</autoScale></item></homeViewsThirdAngle></DesignWindowState></XmlObjectList>