<?xml version="1.0"?>
<VersionHistory xmlns:xsd="http://www.w3.org/2001/XMLSchema" xmlns:xsi="http://www.w3.org/2001/XMLSchema-instance">
  <Versions>
    <guid>39c3238e-72b4-45fb-8c29-fbd02b7cd680</guid>
    <guid>52499dbf-6406-42cc-8b66-6cd86b0c0a9f</guid>
    <guid>7753eee2-f958-49cb-8434-d165d2e46caa</guid>
    <guid>c2a70d7e-4b88-4b56-9dda-3924a20f1854</guid>
  </Versions>
  <History>
    <int>-1</int>
    <int>0</int>
    <int>1</int>
    <int>2</int>
  </History>
  <HighestSavedFromMajorReleases>
    <int>310</int>
    <int>310</int>
    <int>310</int>
    <int>310</int>
  </HighestSavedFromMajorReleases>
</VersionHistory>