﻿<?xml version="1.0" encoding="utf-8"?><Document version="1.310" xmlns:xsi="http://www.w3.org/2001/XMLSchema-instance" xmlns="urn:core"><nextId>14356</nextId><isNotCompletable>False</isNotCompletable><importSource></importSource><importPath></importPath><importComponentName></importComponentName><importTimestamp></importTimestamp><loadTime>0</loadTime><originalToReplacements_Keys><item><versionIndex>0</versionIndex><id>2314</id></item><item><versionIndex>0</versionIndex><id>11662</id></item><item><versionIndex>0</versionIndex><id>2317</id></item><item><versionIndex>0</versionIndex><id>11334</id></item><item><versionIndex>0</versionIndex><id>39</id></item><item><versionIndex>0</versionIndex><id>2320</id></item><item><versionIndex>0</versionIndex><id>11710</id></item><item><versionIndex>0</versionIndex><id>2311</id></item><item><versionIndex>0</versionIndex><id>11686</id></item><item><versionIndex>0</versionIndex><id>2305</id></item><item><versionIndex>0</versionIndex><id>11319</id></item><item><versionIndex>0</versionIndex><id>11734</id></item><item><versionIndex>0</versionIndex><id>2308</id></item><item><versionIndex>0</versionIndex><id>11758</id></item><item><versionIndex>0</versionIndex><id>11677</id></item><item><versionIndex>0</versionIndex><id>11701</id></item><item><versionIndex>0</versionIndex><id>11725</id></item><item><versionIndex>0</versionIndex><id>11773</id></item><item><versionIndex>0</versionIndex><id>11749</id></item></originalToReplacements_Keys><originalToReplacements_Values><item><item><versionIndex>0</versionIndex><id>11692</id></item><item><versionIndex>0</versionIndex><id>11695</id></item></item><item><item><versionIndex>0</versionIndex><id>11677</id></item></item><item><item><versionIndex>0</versionIndex><id>11668</id></item><item><versionIndex>0</versionIndex><id>11671</id></item></item><item><item><versionIndex>0</versionIndex><id>11631</id></item><item><versionIndex>0</versionIndex><id>11634</id></item></item><item><item><versionIndex>0</versionIndex><id>2320</id></item></item><item><item><versionIndex>0</versionIndex><id>11740</id></item><item><versionIndex>0</versionIndex><id>11743</id></item></item><item><item><versionIndex>0</versionIndex><id>11725</id></item></item><item><item><versionIndex>0</versionIndex><id>11716</id></item><item><versionIndex>0</versionIndex><id>11719</id></item></item><item><item><versionIndex>0</versionIndex><id>11701</id></item></item><item><item><versionIndex>0</versionIndex><id>11325</id></item><item><versionIndex>0</versionIndex><id>11328</id></item></item><item><item><versionIndex>0</versionIndex><id>11334</id></item></item><item><item><versionIndex>0</versionIndex><id>11749</id></item></item><item><item><versionIndex>0</versionIndex><id>11764</id></item><item><versionIndex>0</versionIndex><id>11767</id></item></item><item><item><versionIndex>0</versionIndex><id>11773</id></item></item><item><item><versionIndex>0</versionIndex><id>11842</id></item><item><versionIndex>0</versionIndex><id>11845</id></item></item><item><item><versionIndex>0</versionIndex><id>12122</id></item><item><versionIndex>0</versionIndex><id>12125</id></item></item><item><item><versionIndex>0</versionIndex><id>12267</id></item><item><versionIndex>0</versionIndex><id>12270</id></item></item><item><item><versionIndex>0</versionIndex><id>12331</id></item><item><versionIndex>0</versionIndex><id>12334</id></item></item><item><item><versionIndex>0</versionIndex><id>12476</id></item><item><versionIndex>0</versionIndex><id>12479</id></item></item></originalToReplacements_Values><monikerOriginalToReplacements_Keys /><monikerOriginalToReplacements_Values /><locked>False</locked><EncryptedData Type="http://www.w3.org/2001/04/xmlenc#Element" xmlns="http://www.w3.org/2001/04/xmlenc#"><CipherData><CipherValue>irnAesTDrUyLl7JlNB46tiMCQMB1FBD67fB2IQlo2Kw=</CipherValue></CipherData></EncryptedData><Design sectionId="6ab505a9-1afc-4b43-a7db-eb0258edde3e" Id="0:1" xmlns="urn:nom"><updateState>0:3</updateState><nextId>1</nextId><PartDef Id="0:2"><updateState>0:11316</updateState><patternBase /><defaultEdgeTreatment sctype="SpaceClaim.BasicMoniker`1[[SpaceClaim.IDefaultEdgeTreatment, Nom]], Core" refId="7ac0b98a-c3c4-4cad-8b97-b265341e3ab6:13" /><materialId>0:0</materialId><type>Normal</type><shareTopology>False</shareTopology><mergeTopology>False</mergeTopology><DefaultEdgeTreatmentDef Id="0:13"><updateState>0:13</updateState><blendRadius>0</blendRadius></DefaultEdgeTreatmentDef><PartSketchCurveContainerDef Id="0:23" xmlns="urn:sketch"><updateState>0:11780</updateState><isDrafting>False</isDrafting></PartSketchCurveContainerDef><NominalBodyDef Id="0:2303"><updateState>0:14353</updateState><layerId>0:9</layerId><type>Solid</type><renderingStyle>Plastic</renderingStyle><fillStyle>Opaque</fillStyle><materialId>0:0</materialId><modificationLock>None</modificationLock><finishStyle>MediumGloss</finishStyle><NominalFaceDef Id="0:10984"><updateState>0:11288</updateState></NominalFaceDef><NominalFaceDef Id="0:10987"><updateState>0:11292</updateState></NominalFaceDef><NominalFaceDef Id="0:10990"><updateState>0:11294</updateState></NominalFaceDef><NominalFaceDef Id="0:10993"><updateState>0:11296</updateState></NominalFaceDef><NominalFaceDef Id="0:10996"><updateState>0:11298</updateState></NominalFaceDef><NominalFaceDef Id="0:10999"><updateState>0:11300</updateState></NominalFaceDef><NominalFaceDef Id="0:11002"><updateState>0:11301</updateState></NominalFaceDef><NominalFaceDef Id="0:11005"><updateState>0:11302</updateState></NominalFaceDef><NominalFaceDef Id="0:11008"><updateState>0:11304</updateState></NominalFaceDef><NominalFaceDef Id="0:11011"><updateState>0:11305</updateState></NominalFaceDef><NominalFaceDef Id="0:11014"><updateState>0:11306</updateState></NominalFaceDef><NominalFaceDef Id="0:11017"><updateState>0:11307</updateState></NominalFaceDef><NominalFaceDef Id="0:11020"><updateState>0:11289</updateState></NominalFaceDef><NominalFaceDef Id="0:11023"><updateState>0:11291</updateState></NominalFaceDef><NominalFaceDef Id="0:11026"><updateState>0:11295</updateState></NominalFaceDef><NominalFaceDef Id="0:11029"><updateState>0:11297</updateState></NominalFaceDef><NominalFaceDef Id="0:11032"><updateState>0:11290</updateState></NominalFaceDef><NominalFaceDef Id="0:11035"><updateState>0:11299</updateState></NominalFaceDef><NominalFaceDef Id="0:11038"><updateState>0:11303</updateState></NominalFaceDef><NominalFaceDef Id="0:11041"><updateState>0:11293</updateState></NominalFaceDef><NominalEdgeDef Id="0:11068"><updateState>0:11068</updateState><isReversed>False</isReversed></NominalEdgeDef><NominalEdgeDef Id="0:11071"><updateState>0:11071</updateState><isReversed>False</isReversed></NominalEdgeDef><NominalEdgeDef Id="0:11074"><updateState>0:11074</updateState><isReversed>False</isReversed></NominalEdgeDef><NominalEdgeDef Id="0:11077"><updateState>0:11077</updateState><isReversed>False</isReversed></NominalEdgeDef><NominalEdgeDef Id="0:11080"><updateState>0:11080</updateState><isReversed>False</isReversed></NominalEdgeDef><NominalEdgeDef Id="0:11083"><updateState>0:11083</updateState><isReversed>False</isReversed></NominalEdgeDef><NominalEdgeDef Id="0:11086"><updateState>0:11086</updateState><isReversed>False</isReversed></NominalEdgeDef><NominalEdgeDef Id="0:11089"><updateState>0:11089</updateState><isReversed>False</isReversed></NominalEdgeDef><NominalEdgeDef Id="0:11092"><updateState>0:11092</updateState><isReversed>False</isReversed></NominalEdgeDef><NominalEdgeDef Id="0:11095"><updateState>0:11095</updateState><isReversed>False</isReversed></NominalEdgeDef><NominalEdgeDef Id="0:11098"><updateState>0:11098</updateState><isReversed>False</isReversed></NominalEdgeDef><NominalEdgeDef Id="0:11101"><updateState>0:11101</updateState><isReversed>False</isReversed></NominalEdgeDef><NominalEdgeDef Id="0:11104"><updateState>0:11104</updateState><isReversed>False</isReversed></NominalEdgeDef><NominalEdgeDef Id="0:11107"><updateState>0:11107</updateState><isReversed>False</isReversed></NominalEdgeDef><NominalEdgeDef Id="0:11110"><updateState>0:11110</updateState><isReversed>False</isReversed></NominalEdgeDef><NominalEdgeDef Id="0:11113"><updateState>0:11113</updateState><isReversed>False</isReversed></NominalEdgeDef><NominalEdgeDef Id="0:11116"><updateState>0:11116</updateState><isReversed>False</isReversed></NominalEdgeDef><NominalEdgeDef Id="0:11119"><updateState>0:11119</updateState><isReversed>False</isReversed></NominalEdgeDef><NominalEdgeDef Id="0:11122"><updateState>0:11122</updateState><isReversed>False</isReversed></NominalEdgeDef><NominalEdgeDef Id="0:11125"><updateState>0:11125</updateState><isReversed>False</isReversed></NominalEdgeDef><NominalEdgeDef Id="0:11128"><updateState>0:11128</updateState><isReversed>False</isReversed></NominalEdgeDef><NominalEdgeDef Id="0:11131"><updateState>0:11131</updateState><isReversed>False</isReversed></NominalEdgeDef><NominalEdgeDef Id="0:11134"><updateState>0:11134</updateState><isReversed>False</isReversed></NominalEdgeDef><NominalEdgeDef Id="0:11137"><updateState>0:11137</updateState><isReversed>False</isReversed></NominalEdgeDef><NominalEdgeDef Id="0:11140"><updateState>0:11140</updateState><isReversed>False</isReversed></NominalEdgeDef><NominalEdgeDef Id="0:11143"><updateState>0:11143</updateState><isReversed>False</isReversed></NominalEdgeDef><NominalEdgeDef Id="0:11146"><updateState>0:11146</updateState><isReversed>False</isReversed></NominalEdgeDef><NominalEdgeDef Id="0:11149"><updateState>0:11149</updateState><isReversed>False</isReversed></NominalEdgeDef><NominalEdgeDef Id="0:11152"><updateState>0:11152</updateState><isReversed>False</isReversed></NominalEdgeDef><NominalEdgeDef Id="0:11155"><updateState>0:11155</updateState><isReversed>False</isReversed></NominalEdgeDef><NominalEdgeDef Id="0:11158"><updateState>0:11158</updateState><isReversed>False</isReversed></NominalEdgeDef><NominalEdgeDef Id="0:11161"><updateState>0:11161</updateState><isReversed>False</isReversed></NominalEdgeDef><NominalEdgeDef Id="0:11164"><updateState>0:11164</updateState><isReversed>False</isReversed></NominalEdgeDef><NominalEdgeDef Id="0:11167"><updateState>0:11167</updateState><isReversed>False</isReversed></NominalEdgeDef><NominalEdgeDef Id="0:11170"><updateState>0:11170</updateState><isReversed>False</isReversed></NominalEdgeDef><NominalEdgeDef Id="0:11173"><updateState>0:11173</updateState><isReversed>False</isReversed></NominalEdgeDef><NominalEdgeDef Id="0:11176"><updateState>0:11176</updateState><isReversed>False</isReversed></NominalEdgeDef><NominalEdgeDef Id="0:11179"><updateState>0:11179</updateState><isReversed>False</isReversed></NominalEdgeDef><NominalEdgeDef Id="0:11182"><updateState>0:11182</updateState><isReversed>False</isReversed></NominalEdgeDef><NominalEdgeDef Id="0:11185"><updateState>0:11185</updateState><isReversed>False</isReversed></NominalEdgeDef><NominalEdgeDef Id="0:11188"><updateState>0:11188</updateState><isReversed>False</isReversed></NominalEdgeDef><NominalEdgeDef Id="0:11191"><updateState>0:11191</updateState><isReversed>False</isReversed></NominalEdgeDef><NominalEdgeDef Id="0:11194"><updateState>0:11194</updateState><isReversed>False</isReversed></NominalEdgeDef><NominalEdgeDef Id="0:11197"><updateState>0:11197</updateState><isReversed>False</isReversed></NominalEdgeDef><NominalEdgeDef Id="0:11200"><updateState>0:11200</updateState><isReversed>False</isReversed></NominalEdgeDef><NominalEdgeDef Id="0:11203"><updateState>0:11203</updateState><isReversed>False</isReversed></NominalEdgeDef><NominalEdgeDef Id="0:11206"><updateState>0:11206</updateState><isReversed>False</isReversed></NominalEdgeDef><NominalEdgeDef Id="0:11209"><updateState>0:11209</updateState><isReversed>False</isReversed></NominalEdgeDef><NominalFaceDef Id="0:11325"><updateState>0:11648</updateState></NominalFaceDef><NominalFaceDef Id="0:11328"><updateState>0:14343</updateState></NominalFaceDef><NominalFaceDef Id="0:11627"><updateState>0:14342</updateState></NominalFaceDef><NominalEdgeDef Id="0:11634"><updateState>0:11634</updateState><isReversed>False</isReversed></NominalEdgeDef><NominalFaceDef Id="0:11668"><updateState>0:11859</updateState></NominalFaceDef><NominalFaceDef Id="0:11671"><updateState>0:14340</updateState></NominalFaceDef><NominalFaceDef Id="0:11692"><updateState>0:12139</updateState></NominalFaceDef><NominalFaceDef Id="0:11695"><updateState>0:14337</updateState></NominalFaceDef><NominalFaceDef Id="0:11716"><updateState>0:12284</updateState></NominalFaceDef><NominalFaceDef Id="0:11719"><updateState>0:14346</updateState></NominalFaceDef><NominalFaceDef Id="0:11740"><updateState>0:12493</updateState></NominalFaceDef><NominalFaceDef Id="0:11743"><updateState>0:14349</updateState></NominalFaceDef><NominalFaceDef Id="0:11764"><updateState>0:12348</updateState></NominalFaceDef><NominalFaceDef Id="0:11767"><updateState>0:14352</updateState></NominalFaceDef><NominalFaceDef Id="0:11838"><updateState>0:14339</updateState></NominalFaceDef><NominalEdgeDef Id="0:11845"><updateState>0:11845</updateState><isReversed>False</isReversed></NominalEdgeDef><NominalFaceDef Id="0:12118"><updateState>0:14336</updateState></NominalFaceDef><NominalEdgeDef Id="0:12125"><updateState>0:12125</updateState><isReversed>False</isReversed></NominalEdgeDef><NominalFaceDef Id="0:12263"><updateState>0:14345</updateState></NominalFaceDef><NominalEdgeDef Id="0:12270"><updateState>0:12270</updateState><isReversed>False</isReversed></NominalEdgeDef><NominalFaceDef Id="0:12327"><updateState>0:14351</updateState></NominalFaceDef><NominalEdgeDef Id="0:12334"><updateState>0:12334</updateState><isReversed>False</isReversed></NominalEdgeDef><NominalFaceDef Id="0:12472"><updateState>0:14348</updateState></NominalFaceDef><NominalEdgeDef Id="0:12479"><updateState>0:12479</updateState><isReversed>False</isReversed></NominalEdgeDef><NominalFaceDef Id="0:14189"><updateState>0:14350</updateState></NominalFaceDef><NominalFaceDef Id="0:14192"><updateState>0:14347</updateState></NominalFaceDef><NominalFaceDef Id="0:14195"><updateState>0:14344</updateState></NominalFaceDef><NominalFaceDef Id="0:14198"><updateState>0:14341</updateState></NominalFaceDef><NominalFaceDef Id="0:14201"><updateState>0:14338</updateState></NominalFaceDef><NominalFaceDef Id="0:14204"><updateState>0:14335</updateState></NominalFaceDef><NominalEdgeDef Id="0:14255"><updateState>0:14255</updateState><isReversed>False</isReversed></NominalEdgeDef><NominalEdgeDef Id="0:14258"><updateState>0:14258</updateState><isReversed>False</isReversed></NominalEdgeDef><NominalEdgeDef Id="0:14261"><updateState>0:14261</updateState><isReversed>False</isReversed></NominalEdgeDef><NominalEdgeDef Id="0:14264"><updateState>0:14264</updateState><isReversed>False</isReversed></NominalEdgeDef><NominalEdgeDef Id="0:14267"><updateState>0:14267</updateState><isReversed>False</isReversed></NominalEdgeDef><NominalEdgeDef Id="0:14270"><updateState>0:14270</updateState><isReversed>False</isReversed></NominalEdgeDef><NominalEdgeDef Id="0:14273"><updateState>0:14273</updateState><isReversed>False</isReversed></NominalEdgeDef><NominalEdgeDef Id="0:14276"><updateState>0:14276</updateState><isReversed>False</isReversed></NominalEdgeDef><NominalEdgeDef Id="0:14279"><updateState>0:14279</updateState><isReversed>False</isReversed></NominalEdgeDef><NominalEdgeDef Id="0:14282"><updateState>0:14282</updateState><isReversed>False</isReversed></NominalEdgeDef><NominalEdgeDef Id="0:14285"><updateState>0:14285</updateState><isReversed>False</isReversed></NominalEdgeDef><NominalEdgeDef Id="0:14288"><updateState>0:14288</updateState><isReversed>False</isReversed></NominalEdgeDef></NominalBodyDef><StoredSelectionTableDef Id="0:11315" xmlns="urn:stored selection"><updateState>0:14355</updateState><guid>ff02f6f8-742f-4448-9de9-534a01c610e5</guid><StoredSelectionDef Id="0:11317"><updateState>0:11317</updateState><buckets><item><first>Primary</first><second>Primary Selection</second></item></buckets><paths><item><item /></item></paths><pathCounts><item>20</item></pathCounts><objects><item><item sctype="SpaceClaim.BasicMoniker`1[[SpaceClaim.IEvaluation, Core]], Core" refId="7ac0b98a-c3c4-4cad-8b97-b265341e3ab6:11017" /><item sctype="SpaceClaim.BasicMoniker`1[[SpaceClaim.IEvaluation, Core]], Core" refId="7ac0b98a-c3c4-4cad-8b97-b265341e3ab6:11014" /><item sctype="SpaceClaim.BasicMoniker`1[[SpaceClaim.IEvaluation, Core]], Core" refId="7ac0b98a-c3c4-4cad-8b97-b265341e3ab6:11011" /><item sctype="SpaceClaim.BasicMoniker`1[[SpaceClaim.IEvaluation, Core]], Core" refId="7ac0b98a-c3c4-4cad-8b97-b265341e3ab6:11008" /><item sctype="SpaceClaim.BasicMoniker`1[[SpaceClaim.IEvaluation, Core]], Core" refId="7ac0b98a-c3c4-4cad-8b97-b265341e3ab6:11005" /><item sctype="SpaceClaim.BasicMoniker`1[[SpaceClaim.IEvaluation, Core]], Core" refId="7ac0b98a-c3c4-4cad-8b97-b265341e3ab6:11002" /><item sctype="SpaceClaim.BasicMoniker`1[[SpaceClaim.IEvaluation, Core]], Core" refId="7ac0b98a-c3c4-4cad-8b97-b265341e3ab6:10999" /><item sctype="SpaceClaim.BasicMoniker`1[[SpaceClaim.IEvaluation, Core]], Core" refId="7ac0b98a-c3c4-4cad-8b97-b265341e3ab6:10996" /><item sctype="SpaceClaim.BasicMoniker`1[[SpaceClaim.IEvaluation, Core]], Core" refId="7ac0b98a-c3c4-4cad-8b97-b265341e3ab6:10993" /><item sctype="SpaceClaim.BasicMoniker`1[[SpaceClaim.IEvaluation, Core]], Core" refId="7ac0b98a-c3c4-4cad-8b97-b265341e3ab6:10990" /><item sctype="SpaceClaim.BasicMoniker`1[[SpaceClaim.IEvaluation, Core]], Core" refId="7ac0b98a-c3c4-4cad-8b97-b265341e3ab6:10987" /><item sctype="SpaceClaim.BasicMoniker`1[[SpaceClaim.IEvaluation, Core]], Core" refId="7ac0b98a-c3c4-4cad-8b97-b265341e3ab6:10984" /><item sctype="SpaceClaim.BasicMoniker`1[[SpaceClaim.IEvaluation, Core]], Core" refId="7ac0b98a-c3c4-4cad-8b97-b265341e3ab6:11020" /><item sctype="SpaceClaim.BasicMoniker`1[[SpaceClaim.IEvaluation, Core]], Core" refId="7ac0b98a-c3c4-4cad-8b97-b265341e3ab6:11023" /><item sctype="SpaceClaim.BasicMoniker`1[[SpaceClaim.IEvaluation, Core]], Core" refId="7ac0b98a-c3c4-4cad-8b97-b265341e3ab6:11026" /><item sctype="SpaceClaim.BasicMoniker`1[[SpaceClaim.IEvaluation, Core]], Core" refId="7ac0b98a-c3c4-4cad-8b97-b265341e3ab6:11029" /><item sctype="SpaceClaim.BasicMoniker`1[[SpaceClaim.IEvaluation, Core]], Core" refId="7ac0b98a-c3c4-4cad-8b97-b265341e3ab6:11032" /><item sctype="SpaceClaim.BasicMoniker`1[[SpaceClaim.IEvaluation, Core]], Core" refId="7ac0b98a-c3c4-4cad-8b97-b265341e3ab6:11035" /><item sctype="SpaceClaim.BasicMoniker`1[[SpaceClaim.IEvaluation, Core]], Core" refId="7ac0b98a-c3c4-4cad-8b97-b265341e3ab6:11038" /><item sctype="SpaceClaim.BasicMoniker`1[[SpaceClaim.IEvaluation, Core]], Core" refId="7ac0b98a-c3c4-4cad-8b97-b265341e3ab6:11041" /></item></objects></StoredSelectionDef><StoredSelectionDef Id="0:14354"><updateState>0:14354</updateState><buckets><item><first>Primary</first><second>Primary Selection</second></item></buckets><paths><item><item /></item></paths><pathCounts><item>6</item></pathCounts><objects><item><item sctype="SpaceClaim.BasicMoniker`1[[SpaceClaim.IEvaluation, Core]], Core" refId="7ac0b98a-c3c4-4cad-8b97-b265341e3ab6:14204" /><item sctype="SpaceClaim.BasicMoniker`1[[SpaceClaim.IEvaluation, Core]], Core" refId="7ac0b98a-c3c4-4cad-8b97-b265341e3ab6:14201" /><item sctype="SpaceClaim.BasicMoniker`1[[SpaceClaim.IEvaluation, Core]], Core" refId="7ac0b98a-c3c4-4cad-8b97-b265341e3ab6:14198" /><item sctype="SpaceClaim.BasicMoniker`1[[SpaceClaim.IEvaluation, Core]], Core" refId="7ac0b98a-c3c4-4cad-8b97-b265341e3ab6:14195" /><item sctype="SpaceClaim.BasicMoniker`1[[SpaceClaim.IEvaluation, Core]], Core" refId="7ac0b98a-c3c4-4cad-8b97-b265341e3ab6:14192" /><item sctype="SpaceClaim.BasicMoniker`1[[SpaceClaim.IEvaluation, Core]], Core" refId="7ac0b98a-c3c4-4cad-8b97-b265341e3ab6:14189" /></item></objects></StoredSelectionDef></StoredSelectionTableDef></PartDef></Design><PresentationDef sectionId="595f79a0-e194-4d77-946d-55f551b8663a" Id="0:5" xmlns="urn:presentation"><updateState>0:2373</updateState><nextLayerHue>270</nextLayerHue><decorationTableKeys /><decorationTableValues /><AttributeTableDef Id="0:6"><updateState>0:6</updateState><paths /><versionNumbers /><idRanges /><attributeIndex /><keys /><layerNames /><layerAttributes /><createdInVersion>310</createdInVersion></AttributeTableDef><LayerDef Id="0:9"><updateState>0:9</updateState><name>ﾚｲﾔ0</name><visible>True</visible><locked>False</locked><color>143, 175, 143</color><fillStyle>Opaque</fillStyle><lineWeight /></LayerDef><RootCaptionDef Id="0:11" xmlns="urn:nom"><updateState>0:11</updateState><subjectId>0:2</subjectId><name>Design1</name><description></description><type version="82">Normal</type><isNameLocked>True</isNameLocked></RootCaptionDef><CaptionDef Id="0:2362"><updateState>0:2362</updateState><subjectId>0:2303</subjectId><name>Solid</name><description></description><type version="82">Mutable</type></CaptionDef></PresentationDef><DocumentSettingsDef sectionId="0ac8f8e0-608c-4b1e-a830-61e2a4bad599" Id="0:16" xmlns="urn:presentation"><updateState>0:22</updateState><topViewDirection>Z</topViewDirection><DocumentUnitsDef Id="0:17"><updateState>0:17</updateState><units><massFactor>1</massFactor><derivedDensity>True</derivedDensity><timeFactor>1</timeFactor><lengthProperties><type>MM</type><factor>1000</factor><symbolDisplay>True</symbolDisplay><annotationSymbolDisplay>True</annotationSymbolDisplay><trailingZeros>False</trailingZeros><symbol>mm</symbol><secondSymbol>""</secondSymbol><fractionSeparator> </fractionSeparator><decimalPlaces>3</decimalPlaces><largestDenominator>0</largestDenominator><minorsInMajor>10</minorsInMajor><minorTickInterval>0.001</minorTickInterval><angularPrecision>1</angularPrecision><angularTrailingZeros>False</angularTrailingZeros></lengthProperties><angleFactor>57.295779513082323</angleFactor><textHeightUnits>MM</textHeightUnits><newMassSymbol>g</newMassSymbol><newMassType>GRAMS</newMassType><newMassFactor>1000</newMassFactor><dualDimensionDisplay>False</dualDimensionDisplay><extendedInformationDisplay>None</extendedInformationDisplay><nearestFractionLargestDenominator>16</nearestFractionLargestDenominator><showNearestFromBothSides>False</showNearestFromBothSides><useTightTolerance>False</useTightTolerance><densityProperties><massType>GRAMS</massType><lengthType>MM</lengthType><massSymbol>g</massSymbol><lengthSymbol>mm</lengthSymbol><massFactor>1000</massFactor><lengthFactor>1000</lengthFactor></densityProperties><angularUnits>Degrees</angularUnits></units><alternateUnits><massFactor>1</massFactor><derivedDensity>True</derivedDensity><timeFactor>1</timeFactor><lengthProperties><type>INCHES</type><factor>39.370078740157481</factor><symbolDisplay>True</symbolDisplay><annotationSymbolDisplay>True</annotationSymbolDisplay><trailingZeros>True</trailingZeros><symbol>in</symbol><secondSymbol>in</secondSymbol><fractionSeparator>-</fractionSeparator><decimalPlaces>3</decimalPlaces><largestDenominator>0</largestDenominator><minorsInMajor>8</minorsInMajor><minorTickInterval>0.003175</minorTickInterval><angularPrecision>1</angularPrecision><angularTrailingZeros>False</angularTrailingZeros></lengthProperties><angleFactor>57.295779513082323</angleFactor><textHeightUnits>INCHES</textHeightUnits><newMassSymbol>lb</newMassSymbol><newMassType>POUNDS</newMassType><newMassFactor>2.20462</newMassFactor><dualDimensionDisplay>False</dualDimensionDisplay><extendedInformationDisplay>None</extendedInformationDisplay><nearestFractionLargestDenominator>16</nearestFractionLargestDenominator><showNearestFromBothSides>False</showNearestFromBothSides><useTightTolerance>False</useTightTolerance><densityProperties><massType>POUNDS</massType><lengthType>INCHES</lengthType><massSymbol>lb</massSymbol><lengthSymbol>in</lengthSymbol><massFactor>2.20462</massFactor><lengthFactor>39.370078740157481</lengthFactor></densityProperties><angularUnits>Degrees</angularUnits></alternateUnits><unitsSecondary><massFactor>1</massFactor><derivedDensity>True</derivedDensity><timeFactor>1</timeFactor><lengthProperties><type>INCHES</type><factor>39.370078740157481</factor><symbolDisplay>True</symbolDisplay><annotationSymbolDisplay>False</annotationSymbolDisplay><trailingZeros>True</trailingZeros><symbol>in</symbol><secondSymbol></secondSymbol><fractionSeparator></fractionSeparator><decimalPlaces>3</decimalPlaces><largestDenominator>0</largestDenominator><minorsInMajor>10</minorsInMajor><minorTickInterval>0.0025399999999999997</minorTickInterval><angularPrecision>1</angularPrecision><angularTrailingZeros>False</angularTrailingZeros></lengthProperties><angleFactor>57.295779513082323</angleFactor><textHeightUnits>INCHES</textHeightUnits><newMassSymbol>lb</newMassSymbol><newMassType>POUNDS</newMassType><newMassFactor>2.20462</newMassFactor><dualDimensionDisplay>False</dualDimensionDisplay><extendedInformationDisplay>None</extendedInformationDisplay><nearestFractionLargestDenominator>16</nearestFractionLargestDenominator><showNearestFromBothSides>False</showNearestFromBothSides><useTightTolerance>False</useTightTolerance><densityProperties><massType>OUNCES</massType><lengthType>INCHES</lengthType><massSymbol>oz</massSymbol><lengthSymbol>in</lengthSymbol><massFactor>35.27392</massFactor><lengthFactor>39.370078740157481</lengthFactor></densityProperties><angularUnits>Degrees</angularUnits></unitsSecondary><alternateUnitsSecondary><massFactor>1</massFactor><derivedDensity>True</derivedDensity><timeFactor>1</timeFactor><lengthProperties><type>MM</type><factor>1000</factor><symbolDisplay>True</symbolDisplay><annotationSymbolDisplay>False</annotationSymbolDisplay><trailingZeros>False</trailingZeros><symbol>mm</symbol><secondSymbol></secondSymbol><fractionSeparator></fractionSeparator><decimalPlaces>3</decimalPlaces><largestDenominator>0</largestDenominator><minorsInMajor>10</minorsInMajor><minorTickInterval>0.0001</minorTickInterval><angularPrecision>1</angularPrecision><angularTrailingZeros>False</angularTrailingZeros></lengthProperties><angleFactor>57.295779513082323</angleFactor><textHeightUnits>MM</textHeightUnits><newMassSymbol>kg</newMassSymbol><newMassType>KILOGRAMS</newMassType><newMassFactor>1</newMassFactor><dualDimensionDisplay>False</dualDimensionDisplay><extendedInformationDisplay>None</extendedInformationDisplay><nearestFractionLargestDenominator>16</nearestFractionLargestDenominator><showNearestFromBothSides>False</showNearestFromBothSides><useTightTolerance>False</useTightTolerance><densityProperties><massType>GRAMS</massType><lengthType>CM</lengthType><massSymbol>g</massSymbol><lengthSymbol>cm</lengthSymbol><massFactor>1000</massFactor><lengthFactor>100</lengthFactor></densityProperties><angularUnits>Degrees</angularUnits></alternateUnitsSecondary></DocumentUnitsDef><DocumentDetailSettingsDef Id="0:19"><updateState>0:19</updateState><settings><defaultViewProjection>ThirdAngle</defaultViewProjection><defaultViewLayout>BottomLeft</defaultViewLayout><sectionLineArrowSize>0.0028</sectionLineArrowSize><sectionLineLength>0.014</sectionLineLength><leaderCircleSize>0.0009</leaderCircleSize><leaderArrowLength>0.0025</leaderArrowLength><leaderArrowWidth>0.0006</leaderArrowWidth><defaultLeaderShoulderLength>0.00564444444</defaultLeaderShoulderLength><leaderTextBoxGap>0.00141111111</leaderTextBoxGap><defaultFillStyle>Filled</defaultFillStyle><enforceDimensionLine>False</enforceDimensionLine><dimensionTextIsHorizontal>True</dimensionTextIsHorizontal><defaultDimensionTextLocation>MiddleOfTopLine</defaultDimensionTextLocation><tightDimensionTextDistance>False</tightDimensionTextDistance><dimensionTextOffset>0</dimensionTextOffset><defaultGtolFontName>SpaceClaim ASME CB</defaultGtolFontName><extensionLineGap>0.001</extensionLineGap><extensionLineExtend>0.002</extensionLineExtend><dimensionLineExtend>0.006</dimensionLineExtend><annotationCreationColor>Black</annotationCreationColor><detailViewClippedEdgesColor>Black</detailViewClippedEdgesColor><brokenViewClippedEdgesColor>Black</brokenViewClippedEdgesColor><defaultToleranceVerticalPosition>Middle</defaultToleranceVerticalPosition><fractionalScaleDivider>:</fractionalScaleDivider><minimumDefaultHatchSpacing>0.0007</minimumDefaultHatchSpacing><maximumDefaultHatchSpacing>0.02</maximumDefaultHatchSpacing><detailViewBoundaryRendering>PhantomThin</detailViewBoundaryRendering><detailViewNoteLayout>TwoLines</detailViewNoteLayout><crossSectionArrowsRendering>PhantomThick</crossSectionArrowsRendering><detailViewNoteScaleText>SCALE</detailViewNoteScaleText><detailViewNoteDetailText>DETAIL</detailViewNoteDetailText><defaultTextHeight>0.0035</defaultTextHeight><detailViewNameTextHeightRatio>1.4</detailViewNameTextHeightRatio><detailViewNotePlacement>Centered</detailViewNotePlacement><crossSectionArrowOutwardDistance>0</crossSectionArrowOutwardDistance><crossSectionArrowPenetrationDistance>0.0075</crossSectionArrowPenetrationDistance><crossSectionArrowDirectionDisplayStyle>From</crossSectionArrowDirectionDisplayStyle><defaultSectionNameNotePrefix>SECTION</defaultSectionNameNotePrefix><defaultThickLineWeight>0.0007</defaultThickLineWeight><defaultThinLineWeight>0.00035</defaultThinLineWeight><defaultMediumLineWeight>0.000525</defaultMediumLineWeight><defaultDetailViewClippedEdgeExtent>0</defaultDetailViewClippedEdgeExtent><defaultBrokenViewClippedEdgeExtent>0</defaultBrokenViewClippedEdgeExtent><defaultForeshortenedCenterSize>0.004</defaultForeshortenedCenterSize><useThickLineWeightForAreaCrossSectionBorderLines>True</useThickLineWeightForAreaCrossSectionBorderLines><threadDisplayStandard>AsmeSimplified</threadDisplayStandard><centerLinesExtend>0.003</centerLinesExtend><crossSectionArrowLineWeight>THICK</crossSectionArrowLineWeight><detailViewBoundaryLineWeight>THIN</detailViewBoundaryLineWeight><virtualSharpRendering>None</virtualSharpRendering><centermarkCrossRadius>0</centermarkCrossRadius><defaultDimensionArrowShape>Arrow</defaultDimensionArrowShape><ordinateDimsShowZeroBaseline>True</ordinateDimsShowZeroBaseline><ordinateDimsDimensionLineAndTextOrientation>HideCommonDimensionLineTextVertical</ordinateDimsDimensionLineAndTextOrientation><datumSymbolAttachment>Triangle</datumSymbolAttachment><datumSymbolFrame>Rectangular</datumSymbolFrame><isTrimBackProportional>False</isTrimBackProportional><showConstructionCurvesOffPlane>True</showConstructionCurvesOffPlane><threadDiameterDimensionDesignationTextOption>Never</threadDiameterDimensionDesignationTextOption><datumCalloutTextHeightRatio>3.5</datumCalloutTextHeightRatio><datumTargetPointSize>0.00494975</datumTargetPointSize><datumTargetHatchSpacing>0.001</datumTargetHatchSpacing><datumTargetHatchAngle>0.78539816339744828</datumTargetHatchAngle><datumCalloutLeaderShape>None</datumCalloutLeaderShape><datumTargetLineShowEndPoints>True</datumTargetLineShowEndPoints><weldingSymbolStandard>AWS</weldingSymbolStandard><hideAnnotationsBehindModel>False</hideAnnotationsBehindModel><projectionArrowsStyle>Double</projectionArrowsStyle><chamferDimensionStyle>Linear</chamferDimensionStyle><chamferDimensionTextStyle>X45</chamferDimensionTextStyle><showNotesForProjectedViews>False</showNotesForProjectedViews><showNotesForAuxiliaryViews>False</showNotesForAuxiliaryViews><projectedViewLabelPrefix>VIEW</projectedViewLabelPrefix><auxiliaryViewLabelPrefix>VIEW</auxiliaryViewLabelPrefix><showProjectedViewArrows>False</showProjectedViewArrows><showAuxiliaryViewArrows>False</showAuxiliaryViewArrows><projectionArrowLength>0.014</projectionArrowLength><assignmentArray><item><key>Annotation</key><value><linestyleId>Solid</linestyleId><lineWeight>THIN</lineWeight></value></item><item><key>AreaCrossHatchingBorderLines</key><value><linestyleId>Solid</linestyleId><lineWeight>THICK</lineWeight></value></item><item><key>BrokenOutSectionClippingEdges</key><value><linestyleId>Solid</linestyleId><lineWeight>THIN</lineWeight></value></item><item><key>BrokenViewClippingEdges</key><value><linestyleId>Solid</linestyleId><lineWeight>THIN</lineWeight></value></item><item><key>CenterLines</key><value><linestyleId>LongDashDotted</linestyleId><lineWeight>THIN</lineWeight></value></item><item><key>CrossHatching</key><value><linestyleId>Solid</linestyleId><lineWeight>THIN</lineWeight></value></item><item><key>CrossHatchingBorderLines</key><value><linestyleId>Solid</linestyleId><lineWeight>THICK</lineWeight></value></item><item><key>CrossSectionCutLineTips</key><value><linestyleId>Solid</linestyleId><lineWeight>THICK</lineWeight></value></item><item><key>DatumTargetAreaBorder</key><value><linestyleId>LongDashDoubleDotted</linestyleId><lineWeight>THIN</lineWeight></value></item><item><key>DatumTargetLine</key><value><linestyleId>LongDashDoubleDotted</linestyleId><lineWeight>THIN</lineWeight></value></item><item><key>DetailViewClippingEdges</key><value><linestyleId>Solid</linestyleId><lineWeight>THICK</lineWeight></value></item><item><key>DrawingHiddenEdges</key><value><linestyleId>Dash</linestyleId><lineWeight>THIN</lineWeight></value></item><item><key>DrawingVisibleEdges</key><value><linestyleId>Solid</linestyleId><lineWeight>THICK</lineWeight></value></item><item><key>ProjectionArrowTipsType</key><value><linestyleId>Solid</linestyleId><lineWeight>THICK</lineWeight></value></item><item><key>ProjectionArrowType</key><value><linestyleId>LongDashDotted</linestyleId><lineWeight>THICK</lineWeight></value></item></assignmentArray></settings></DocumentDetailSettingsDef></DocumentSettingsDef></Document>