﻿<?xml version="1.0" encoding="utf-8"?><RenderList Version="0.5" Views="2"><View Id="b8da1c7a-e54d-4b8d-8278-eec59d630564:0" Items="1" Box="-0.063000001013278961,0,0,0,0.070000000298023224,0.024000000208616257"><Item Id="0:2" Dimmed="0" Transform="1,0,0,0,0,1,0,0,0,0,1,0,0,0,0,1" Bodies="1" Components="0" Path=""><Body Id="0:1559" Visible="1" Color="-7360625" FillStyle="1" BodyType="0" RenderingStyle="1" FinishStyle="3" /></Item></View><View Id="00000000-0000-0000-0000-000000000000:0" Items="1" Box="-0.063000001013278961,0,0,0,0.070000000298023224,0.024000000208616257"><Item Id="0:2" Dimmed="0" Transform="1,0,0,0,0,1,0,0,0,0,1,0,0,0,0,1" Bodies="1" Components="0" Path=""><Body Id="0:1559" Visible="1" Color="-7360625" FillStyle="1" BodyType="0" RenderingStyle="1" FinishStyle="3" /></Item></View></RenderList>