﻿<?xml version="1.0" encoding="utf-8"?><Document version="1.310" xmlns:xsi="http://www.w3.org/2001/XMLSchema-instance" xmlns="urn:core"><nextId>2328</nextId><isNotCompletable>False</isNotCompletable><importSource></importSource><importPath></importPath><importComponentName></importComponentName><importTimestamp></importTimestamp><loadTime>0</loadTime><originalToReplacements_Keys><item><versionIndex>0</versionIndex><id>34</id></item><item><versionIndex>0</versionIndex><id>31</id></item><item><versionIndex>0</versionIndex><id>28</id></item><item><versionIndex>0</versionIndex><id>25</id></item><item><versionIndex>0</versionIndex><id>3475</id></item><item><versionIndex>0</versionIndex><id>3478</id></item><item><versionIndex>0</versionIndex><id>3481</id></item><item><versionIndex>0</versionIndex><id>3484</id></item><item><versionIndex>0</versionIndex><id>3487</id></item><item><versionIndex>0</versionIndex><id>3831</id></item><item><versionIndex>0</versionIndex><id>3867</id></item><item><versionIndex>0</versionIndex><id>3849</id></item><item><versionIndex>0</versionIndex><id>3929</id></item><item><versionIndex>0</versionIndex><id>3926</id></item><item><versionIndex>0</versionIndex><id>3923</id></item><item><versionIndex>0</versionIndex><id>3947</id></item></originalToReplacements_Keys><originalToReplacements_Values><item><item><versionIndex>0</versionIndex><id>3484</id></item></item><item><item><versionIndex>0</versionIndex><id>3487</id></item></item><item><item><versionIndex>0</versionIndex><id>3478</id></item></item><item><item><versionIndex>0</versionIndex><id>3481</id></item></item><item><item><versionIndex>0</versionIndex><id>3834</id></item></item><item><item><versionIndex>0</versionIndex><id>3870</id></item></item><item><item><versionIndex>0</versionIndex><id>3864</id></item></item><item><item><versionIndex>0</versionIndex><id>3855</id></item></item><item><item><versionIndex>0</versionIndex><id>3843</id></item></item><item><item><versionIndex>0</versionIndex><id>3938</id></item><item><versionIndex>0</versionIndex><id>3941</id></item></item><item><item><versionIndex>0</versionIndex><id>3951</id></item><item><versionIndex>0</versionIndex><id>3954</id></item></item><item><item><versionIndex>0</versionIndex><id>3961</id></item><item><versionIndex>0</versionIndex><id>3964</id></item></item><item><item><versionIndex>0</versionIndex><id>3964</id></item></item><item><item><versionIndex>0</versionIndex><id>3947</id></item></item><item><item><versionIndex>0</versionIndex><id>3954</id></item><item><versionIndex>0</versionIndex><id>3951</id></item></item><item><item><versionIndex>0</versionIndex><id>4203</id></item><item><versionIndex>0</versionIndex><id>4206</id></item></item></originalToReplacements_Values><monikerOriginalToReplacements_Keys /><monikerOriginalToReplacements_Values /><locked>False</locked><EncryptedData Type="http://www.w3.org/2001/04/xmlenc#Element" xmlns="http://www.w3.org/2001/04/xmlenc#"><CipherData><CipherValue>CXG8RkwEZgUUXubpYab9uyp4hgzO/gz19pOicrg71fw=</CipherValue></CipherData></EncryptedData><Design sectionId="6ab505a9-1afc-4b43-a7db-eb0258edde3e" Id="0:1" xmlns="urn:nom"><updateState>0:3</updateState><nextId>1</nextId><PartDef Id="0:2"><updateState>0:3879</updateState><patternBase /><defaultEdgeTreatment sctype="SpaceClaim.BasicMoniker`1[[SpaceClaim.IDefaultEdgeTreatment, Nom]], Core" refId="68d4ad64-35d9-4913-9a62-3d92453681c6:13" /><materialId>0:0</materialId><type>Normal</type><shareTopology>False</shareTopology><mergeTopology>False</mergeTopology><DefaultEdgeTreatmentDef Id="0:13"><updateState>0:13</updateState><blendRadius>0</blendRadius></DefaultEdgeTreatmentDef><PartSketchCurveContainerDef Id="0:23" xmlns="urn:sketch"><updateState>0:3989</updateState><isDrafting>False</isDrafting></PartSketchCurveContainerDef><NominalBodyDef Id="0:3817"><updateState>1:2325</updateState><layerId>0:9</layerId><type>Solid</type><color>0, 255, 64</color><renderingStyle>Plastic</renderingStyle><fillStyle>Opaque</fillStyle><materialId>0:0</materialId><modificationLock>None</modificationLock><finishStyle>MediumGloss</finishStyle><NominalFaceDef Id="0:3819"><updateState>1:2320</updateState></NominalFaceDef><NominalFaceDef Id="0:3822"><updateState>1:2318</updateState></NominalFaceDef><NominalFaceDef Id="0:3825"><updateState>0:4358</updateState></NominalFaceDef><NominalFaceDef Id="0:3828"><updateState>1:2322</updateState></NominalFaceDef><NominalFaceDef Id="0:3834"><updateState>0:3834</updateState></NominalFaceDef><NominalEdgeDef Id="0:3837"><updateState>1:2310</updateState><isReversed>False</isReversed></NominalEdgeDef><NominalEdgeDef Id="0:3840"><updateState>0:3900</updateState><isReversed>False</isReversed></NominalEdgeDef><NominalEdgeDef Id="0:3843"><updateState>0:3843</updateState><isReversed>False</isReversed></NominalEdgeDef><NominalEdgeDef Id="0:3846"><updateState>0:3902</updateState><isReversed>False</isReversed></NominalEdgeDef><NominalEdgeDef Id="0:3852"><updateState>0:4352</updateState><isReversed>False</isReversed></NominalEdgeDef><NominalEdgeDef Id="0:3855"><updateState>0:3855</updateState><isReversed>False</isReversed></NominalEdgeDef><NominalEdgeDef Id="0:3858"><updateState>0:4342</updateState><isReversed>False</isReversed></NominalEdgeDef><NominalEdgeDef Id="0:3861"><updateState>0:4350</updateState><isReversed>False</isReversed></NominalEdgeDef><NominalEdgeDef Id="0:3864"><updateState>0:3864</updateState><isReversed>False</isReversed></NominalEdgeDef><NominalEdgeDef Id="0:3870"><updateState>0:3870</updateState><isReversed>False</isReversed></NominalEdgeDef><NominalFaceDef Id="0:3938"><updateState>1:2314</updateState></NominalFaceDef><NominalFaceDef Id="0:3941"><updateState>0:4362</updateState></NominalFaceDef><NominalEdgeDef Id="0:3951"><updateState>0:4340</updateState><isReversed>False</isReversed></NominalEdgeDef><NominalEdgeDef Id="0:3954"><updateState>1:2312</updateState><isReversed>False</isReversed></NominalEdgeDef><NominalEdgeDef Id="0:3961"><updateState>1:2308</updateState><isReversed>False</isReversed></NominalEdgeDef><NominalEdgeDef Id="0:3964"><updateState>0:4344</updateState><isReversed>False</isReversed></NominalEdgeDef><NominalFaceDef Id="0:4193"><updateState>1:2316</updateState></NominalFaceDef><NominalEdgeDef Id="0:4196"><updateState>0:4346</updateState><isReversed>False</isReversed></NominalEdgeDef><NominalEdgeDef Id="0:4199"><updateState>0:4348</updateState><isReversed>False</isReversed></NominalEdgeDef><NominalEdgeDef Id="0:4203"><updateState>1:2306</updateState><isReversed>False</isReversed></NominalEdgeDef><NominalEdgeDef Id="0:4206"><updateState>0:4338</updateState><isReversed>False</isReversed></NominalEdgeDef></NominalBodyDef></PartDef></Design><PresentationDef sectionId="595f79a0-e194-4d77-946d-55f551b8663a" Id="0:5" xmlns="urn:presentation"><updateState>0:3887</updateState><nextLayerHue>270</nextLayerHue><decorationTableKeys /><decorationTableValues /><AttributeTableDef Id="0:6"><updateState>0:6</updateState><paths /><versionNumbers /><idRanges /><attributeIndex /><keys /><layerNames /><layerAttributes /><createdInVersion>310</createdInVersion></AttributeTableDef><LayerDef Id="0:9"><updateState>0:9</updateState><name>ﾚｲﾔ0</name><visible>True</visible><locked>False</locked><color>143, 175, 143</color><fillStyle>Opaque</fillStyle><lineWeight /></LayerDef><RootCaptionDef Id="0:11" xmlns="urn:nom"><updateState>0:4366</updateState><subjectId>0:2</subjectId><name>raspberry_pi</name><description></description><type version="82">Normal</type><isNameLocked>True</isNameLocked></RootCaptionDef><CaptionDef Id="0:3876"><updateState>0:3876</updateState><subjectId>0:3817</subjectId><name>Solid</name><description></description><type version="82">Mutable</type></CaptionDef></PresentationDef><DocumentSettingsDef sectionId="0ac8f8e0-608c-4b1e-a830-61e2a4bad599" Id="0:16" xmlns="urn:presentation"><updateState>0:22</updateState><topViewDirection>Z</topViewDirection><DocumentUnitsDef Id="0:17"><updateState>0:17</updateState><units><massFactor>1</massFactor><derivedDensity>True</derivedDensity><timeFactor>1</timeFactor><lengthProperties><type>MM</type><factor>1000</factor><symbolDisplay>True</symbolDisplay><annotationSymbolDisplay>True</annotationSymbolDisplay><trailingZeros>False</trailingZeros><symbol>mm</symbol><secondSymbol>""</secondSymbol><fractionSeparator> </fractionSeparator><decimalPlaces>3</decimalPlaces><largestDenominator>0</largestDenominator><minorsInMajor>10</minorsInMajor><minorTickInterval>0.001</minorTickInterval><angularPrecision>1</angularPrecision><angularTrailingZeros>False</angularTrailingZeros></lengthProperties><angleFactor>57.295779513082323</angleFactor><textHeightUnits>MM</textHeightUnits><newMassSymbol>g</newMassSymbol><newMassType>GRAMS</newMassType><newMassFactor>1000</newMassFactor><dualDimensionDisplay>False</dualDimensionDisplay><extendedInformationDisplay>None</extendedInformationDisplay><nearestFractionLargestDenominator>16</nearestFractionLargestDenominator><showNearestFromBothSides>False</showNearestFromBothSides><useTightTolerance>False</useTightTolerance><densityProperties><massType>GRAMS</massType><lengthType>MM</lengthType><massSymbol>g</massSymbol><lengthSymbol>mm</lengthSymbol><massFactor>1000</massFactor><lengthFactor>1000</lengthFactor></densityProperties><angularUnits>Degrees</angularUnits></units><alternateUnits><massFactor>1</massFactor><derivedDensity>True</derivedDensity><timeFactor>1</timeFactor><lengthProperties><type>INCHES</type><factor>39.370078740157481</factor><symbolDisplay>True</symbolDisplay><annotationSymbolDisplay>True</annotationSymbolDisplay><trailingZeros>True</trailingZeros><symbol>in</symbol><secondSymbol>in</secondSymbol><fractionSeparator>-</fractionSeparator><decimalPlaces>3</decimalPlaces><largestDenominator>0</largestDenominator><minorsInMajor>8</minorsInMajor><minorTickInterval>0.003175</minorTickInterval><angularPrecision>1</angularPrecision><angularTrailingZeros>False</angularTrailingZeros></lengthProperties><angleFactor>57.295779513082323</angleFactor><textHeightUnits>INCHES</textHeightUnits><newMassSymbol>lb</newMassSymbol><newMassType>POUNDS</newMassType><newMassFactor>2.20462</newMassFactor><dualDimensionDisplay>False</dualDimensionDisplay><extendedInformationDisplay>None</extendedInformationDisplay><nearestFractionLargestDenominator>16</nearestFractionLargestDenominator><showNearestFromBothSides>False</showNearestFromBothSides><useTightTolerance>False</useTightTolerance><densityProperties><massType>POUNDS</massType><lengthType>INCHES</lengthType><massSymbol>lb</massSymbol><lengthSymbol>in</lengthSymbol><massFactor>2.20462</massFactor><lengthFactor>39.370078740157481</lengthFactor></densityProperties><angularUnits>Degrees</angularUnits></alternateUnits><unitsSecondary><massFactor>1</massFactor><derivedDensity>True</derivedDensity><timeFactor>1</timeFactor><lengthProperties><type>INCHES</type><factor>39.370078740157481</factor><symbolDisplay>True</symbolDisplay><annotationSymbolDisplay>False</annotationSymbolDisplay><trailingZeros>True</trailingZeros><symbol>in</symbol><secondSymbol></secondSymbol><fractionSeparator></fractionSeparator><decimalPlaces>3</decimalPlaces><largestDenominator>0</largestDenominator><minorsInMajor>10</minorsInMajor><minorTickInterval>0.0025399999999999997</minorTickInterval><angularPrecision>1</angularPrecision><angularTrailingZeros>False</angularTrailingZeros></lengthProperties><angleFactor>57.295779513082323</angleFactor><textHeightUnits>INCHES</textHeightUnits><newMassSymbol>lb</newMassSymbol><newMassType>POUNDS</newMassType><newMassFactor>2.20462</newMassFactor><dualDimensionDisplay>False</dualDimensionDisplay><extendedInformationDisplay>None</extendedInformationDisplay><nearestFractionLargestDenominator>16</nearestFractionLargestDenominator><showNearestFromBothSides>False</showNearestFromBothSides><useTightTolerance>False</useTightTolerance><densityProperties><massType>OUNCES</massType><lengthType>INCHES</lengthType><massSymbol>oz</massSymbol><lengthSymbol>in</lengthSymbol><massFactor>35.27392</massFactor><lengthFactor>39.370078740157481</lengthFactor></densityProperties><angularUnits>Degrees</angularUnits></unitsSecondary><alternateUnitsSecondary><massFactor>1</massFactor><derivedDensity>True</derivedDensity><timeFactor>1</timeFactor><lengthProperties><type>MM</type><factor>1000</factor><symbolDisplay>True</symbolDisplay><annotationSymbolDisplay>False</annotationSymbolDisplay><trailingZeros>False</trailingZeros><symbol>mm</symbol><secondSymbol></secondSymbol><fractionSeparator></fractionSeparator><decimalPlaces>3</decimalPlaces><largestDenominator>0</largestDenominator><minorsInMajor>10</minorsInMajor><minorTickInterval>0.0001</minorTickInterval><angularPrecision>1</angularPrecision><angularTrailingZeros>False</angularTrailingZeros></lengthProperties><angleFactor>57.295779513082323</angleFactor><textHeightUnits>MM</textHeightUnits><newMassSymbol>kg</newMassSymbol><newMassType>KILOGRAMS</newMassType><newMassFactor>1</newMassFactor><dualDimensionDisplay>False</dualDimensionDisplay><extendedInformationDisplay>None</extendedInformationDisplay><nearestFractionLargestDenominator>16</nearestFractionLargestDenominator><showNearestFromBothSides>False</showNearestFromBothSides><useTightTolerance>False</useTightTolerance><densityProperties><massType>GRAMS</massType><lengthType>CM</lengthType><massSymbol>g</massSymbol><lengthSymbol>cm</lengthSymbol><massFactor>1000</massFactor><lengthFactor>100</lengthFactor></densityProperties><angularUnits>Degrees</angularUnits></alternateUnitsSecondary></DocumentUnitsDef><DocumentDetailSettingsDef Id="0:19"><updateState>0:19</updateState><settings><defaultViewProjection>ThirdAngle</defaultViewProjection><defaultViewLayout>BottomLeft</defaultViewLayout><sectionLineArrowSize>0.0028</sectionLineArrowSize><sectionLineLength>0.014</sectionLineLength><leaderCircleSize>0.0009</leaderCircleSize><leaderArrowLength>0.0025</leaderArrowLength><leaderArrowWidth>0.0006</leaderArrowWidth><defaultLeaderShoulderLength>0.00564444444</defaultLeaderShoulderLength><leaderTextBoxGap>0.00141111111</leaderTextBoxGap><defaultFillStyle>Filled</defaultFillStyle><enforceDimensionLine>False</enforceDimensionLine><dimensionTextIsHorizontal>True</dimensionTextIsHorizontal><defaultDimensionTextLocation>MiddleOfTopLine</defaultDimensionTextLocation><tightDimensionTextDistance>False</tightDimensionTextDistance><dimensionTextOffset>0</dimensionTextOffset><defaultGtolFontName>SpaceClaim ASME CB</defaultGtolFontName><extensionLineGap>0.001</extensionLineGap><extensionLineExtend>0.002</extensionLineExtend><dimensionLineExtend>0.006</dimensionLineExtend><annotationCreationColor>Black</annotationCreationColor><detailViewClippedEdgesColor>Black</detailViewClippedEdgesColor><brokenViewClippedEdgesColor>Black</brokenViewClippedEdgesColor><defaultToleranceVerticalPosition>Middle</defaultToleranceVerticalPosition><fractionalScaleDivider>:</fractionalScaleDivider><minimumDefaultHatchSpacing>0.0007</minimumDefaultHatchSpacing><maximumDefaultHatchSpacing>0.02</maximumDefaultHatchSpacing><detailViewBoundaryRendering>PhantomThin</detailViewBoundaryRendering><detailViewNoteLayout>TwoLines</detailViewNoteLayout><crossSectionArrowsRendering>PhantomThick</crossSectionArrowsRendering><detailViewNoteScaleText>SCALE</detailViewNoteScaleText><detailViewNoteDetailText>DETAIL</detailViewNoteDetailText><defaultTextHeight>0.0035</defaultTextHeight><detailViewNameTextHeightRatio>1.4</detailViewNameTextHeightRatio><detailViewNotePlacement>Centered</detailViewNotePlacement><crossSectionArrowOutwardDistance>0</crossSectionArrowOutwardDistance><crossSectionArrowPenetrationDistance>0.0075</crossSectionArrowPenetrationDistance><crossSectionArrowDirectionDisplayStyle>From</crossSectionArrowDirectionDisplayStyle><defaultSectionNameNotePrefix>SECTION</defaultSectionNameNotePrefix><defaultThickLineWeight>0.0007</defaultThickLineWeight><defaultThinLineWeight>0.00035</defaultThinLineWeight><defaultMediumLineWeight>0.000525</defaultMediumLineWeight><defaultDetailViewClippedEdgeExtent>0</defaultDetailViewClippedEdgeExtent><defaultBrokenViewClippedEdgeExtent>0</defaultBrokenViewClippedEdgeExtent><defaultForeshortenedCenterSize>0.004</defaultForeshortenedCenterSize><useThickLineWeightForAreaCrossSectionBorderLines>True</useThickLineWeightForAreaCrossSectionBorderLines><threadDisplayStandard>AsmeSimplified</threadDisplayStandard><centerLinesExtend>0.003</centerLinesExtend><crossSectionArrowLineWeight>THICK</crossSectionArrowLineWeight><detailViewBoundaryLineWeight>THIN</detailViewBoundaryLineWeight><virtualSharpRendering>None</virtualSharpRendering><centermarkCrossRadius>0</centermarkCrossRadius><defaultDimensionArrowShape>Arrow</defaultDimensionArrowShape><ordinateDimsShowZeroBaseline>True</ordinateDimsShowZeroBaseline><ordinateDimsDimensionLineAndTextOrientation>HideCommonDimensionLineTextVertical</ordinateDimsDimensionLineAndTextOrientation><datumSymbolAttachment>Triangle</datumSymbolAttachment><datumSymbolFrame>Rectangular</datumSymbolFrame><isTrimBackProportional>False</isTrimBackProportional><showConstructionCurvesOffPlane>True</showConstructionCurvesOffPlane><threadDiameterDimensionDesignationTextOption>Never</threadDiameterDimensionDesignationTextOption><datumCalloutTextHeightRatio>3.5</datumCalloutTextHeightRatio><datumTargetPointSize>0.00494975</datumTargetPointSize><datumTargetHatchSpacing>0.001</datumTargetHatchSpacing><datumTargetHatchAngle>0.78539816339744828</datumTargetHatchAngle><datumCalloutLeaderShape>None</datumCalloutLeaderShape><datumTargetLineShowEndPoints>True</datumTargetLineShowEndPoints><weldingSymbolStandard>AWS</weldingSymbolStandard><hideAnnotationsBehindModel>False</hideAnnotationsBehindModel><projectionArrowsStyle>Double</projectionArrowsStyle><chamferDimensionStyle>Linear</chamferDimensionStyle><chamferDimensionTextStyle>X45</chamferDimensionTextStyle><showNotesForProjectedViews>False</showNotesForProjectedViews><showNotesForAuxiliaryViews>False</showNotesForAuxiliaryViews><projectedViewLabelPrefix>VIEW</projectedViewLabelPrefix><auxiliaryViewLabelPrefix>VIEW</auxiliaryViewLabelPrefix><showProjectedViewArrows>False</showProjectedViewArrows><showAuxiliaryViewArrows>False</showAuxiliaryViewArrows><projectionArrowLength>0.014</projectionArrowLength><assignmentArray><item><key>Annotation</key><value><linestyleId>Solid</linestyleId><lineWeight>THIN</lineWeight></value></item><item><key>AreaCrossHatchingBorderLines</key><value><linestyleId>Solid</linestyleId><lineWeight>THICK</lineWeight></value></item><item><key>BrokenOutSectionClippingEdges</key><value><linestyleId>Solid</linestyleId><lineWeight>THIN</lineWeight></value></item><item><key>BrokenViewClippingEdges</key><value><linestyleId>Solid</linestyleId><lineWeight>THIN</lineWeight></value></item><item><key>CenterLines</key><value><linestyleId>LongDashDotted</linestyleId><lineWeight>THIN</lineWeight></value></item><item><key>CrossHatching</key><value><linestyleId>Solid</linestyleId><lineWeight>THIN</lineWeight></value></item><item><key>CrossHatchingBorderLines</key><value><linestyleId>Solid</linestyleId><lineWeight>THICK</lineWeight></value></item><item><key>CrossSectionCutLineTips</key><value><linestyleId>Solid</linestyleId><lineWeight>THICK</lineWeight></value></item><item><key>DatumTargetAreaBorder</key><value><linestyleId>LongDashDoubleDotted</linestyleId><lineWeight>THIN</lineWeight></value></item><item><key>DatumTargetLine</key><value><linestyleId>LongDashDoubleDotted</linestyleId><lineWeight>THIN</lineWeight></value></item><item><key>DetailViewClippingEdges</key><value><linestyleId>Solid</linestyleId><lineWeight>THICK</lineWeight></value></item><item><key>DrawingHiddenEdges</key><value><linestyleId>Dash</linestyleId><lineWeight>THIN</lineWeight></value></item><item><key>DrawingVisibleEdges</key><value><linestyleId>Solid</linestyleId><lineWeight>THICK</lineWeight></value></item><item><key>ProjectionArrowTipsType</key><value><linestyleId>Solid</linestyleId><lineWeight>THICK</lineWeight></value></item><item><key>ProjectionArrowType</key><value><linestyleId>LongDashDotted</linestyleId><lineWeight>THICK</lineWeight></value></item></assignmentArray></settings></DocumentDetailSettingsDef></DocumentSettingsDef></Document>