﻿<?xml version="1.0" encoding="utf-8"?><XmlObjectList xmlns:xsi="http://www.w3.org/2001/XMLSchema-instance" xmlns="urn:core"><DesignWindowState sctype="SpaceClaim.DesignWindowState, SpaceClaim" xmlns="urn:spaceclaim"><projections><item><a00>1</a00><a01>0</a01><a02>0</a02><a03>0</a03><a10>0</a10><a11>1</a11><a12>0</a12><a13>0</a13><a20>0</a20><a21>0</a21><a22>1</a22><a23>0</a23><a33>0.066666666666666666</a33></item><item><a00>0.76513050733124832</a00><a01>-0.35324601890682283</a01><a02>0.53832384015340351</a02><a03>-0.070922146659238447</a03><a10>0.11494013006023679</a10><a11>0.89757362450780287</a11><a12>0.42561761604715287</a12><a13>0.053655788940662252</a13><a20>-0.633533008810719</a20><a21>-0.26377801029351616</a21><a22>0.72736310604321375</a22><a23>-0.021331479445392237</a23><a33>0.40034373201497386</a33></item><item><a00>0</a00><a01>1</a01><a02>0</a02><a03>0</a03><a10>0</a10><a11>0</a11><a12>1</a12><a13>0</a13><a20>1</a20><a21>0</a21><a22>0</a22><a23>0</a23><a33>0.066666666666666666</a33></item><item><a00>1</a00><a01>0</a01><a02>0</a02><a03>0</a03><a10>0</a10><a11>0</a11><a12>1</a12><a13>0</a13><a20>0</a20><a21>-1</a21><a22>0</a22><a23>0</a23><a33>0.066666666666666666</a33></item></projections><renderingMode>Shaded</renderingMode><hSplit>0</hSplit><vSplit>1</vSplit><persistentId>84f3553c-c7b1-463d-916c-710bf810995a:0</persistentId><paragraphProperties><lineSpace>0</lineSpace><spaceBefore>0</spaceBefore><spaceAfter>0</spaceAfter><defaultTabSize>0.008</defaultTabSize><textTabStop_Values /><textProperties><fontName>ＭＳ ゴシック</fontName><fontSize>0.0035</fontSize><widthFactor>1</widthFactor><bold>False</bold><italic>False</italic><underline>False</underline><strikethrough>False</strikethrough><verticalOffsetUnits>RunSize</verticalOffsetUnits><horizontalOffsetUnits>RunSize</horizontalOffsetUnits><verticalOffset>0</verticalOffset><horizontalOffset>0</horizontalOffset></textProperties><leftMargin>0</leftMargin><rightMargin>0</rightMargin><textIndentLevel>0</textIndentLevel><indent>0</indent><textAlign>Left</textAlign><rightToLeft>False</rightToLeft></paragraphProperties><enableLineweight>False</enableLineweight><originalActivationOrder>0</originalActivationOrder><activeLayerName>ﾚｲﾔ0</activeLayerName><beamGraphics>Wire</beamGraphics><showRegularEdges>True</showRegularEdges><showLaminarEdges>True</showLaminarEdges><showTangentEdges>True</showTangentEdges><showSilhouetteEdges>True</showSilhouetteEdges><showMeshEdges>True</showMeshEdges><showMeshOpenEdges>True</showMeshOpenEdges><showSoftEdges>True</showSoftEdges><showMeshNonManifoldEdges>True</showMeshNonManifoldEdges><rootPartMoniker sctype="SpaceClaim.BasicMoniker`1[[SpaceClaim.IPart, Nom]], Core" refId="68d4ad64-35d9-4913-9a62-3d92453681c6:2" /><currentPartMoniker sctype="SpaceClaim.BasicMoniker`1[[SpaceClaim.IPart, Nom]], Core" refId="68d4ad64-35d9-4913-9a62-3d92453681c6:2" /><homeViewsFirstAngle><item><a00>1</a00><a01>0</a01><a02>0</a02><a03>0</a03><a10>0</a10><a11>1</a11><a12>0</a12><a13>0</a13><a20>0</a20><a21>0</a21><a22>1</a22><a23>0</a23><a33>1</a33><autoScale>True</autoScale></item><item><a00>0.86602540378443871</a00><a01>0.5</a01><a02>5.5511151231257827E-17</a02><a03>0</a03><a10>-0.25000000000000006</a10><a11>0.4330127018922193</a11><a12>0.86602540378443871</a12><a13>0</a13><a20>0.43301270189221935</a20><a21>-0.75</a21><a22>0.5</a22><a23>0</a23><a33>1</a33><autoScale>True</autoScale></item><item><a00>0</a00><a01>1</a01><a02>0</a02><a03>0</a03><a10>0</a10><a11>0</a11><a12>1</a12><a13>0</a13><a20>1</a20><a21>0</a21><a22>0</a22><a23>0</a23><a33>1</a33><autoScale>True</autoScale></item><item><a00>1</a00><a01>0</a01><a02>0</a02><a03>0</a03><a10>0</a10><a11>0</a11><a12>1</a12><a13>0</a13><a20>0</a20><a21>-1</a21><a22>0</a22><a23>0</a23><a33>1</a33><autoScale>True</autoScale></item></homeViewsFirstAngle><homeViewsThirdAngle><item><a00>1</a00><a01>0</a01><a02>0</a02><a03>0</a03><a10>0</a10><a11>1</a11><a12>0</a12><a13>0</a13><a20>0</a20><a21>0</a21><a22>1</a22><a23>0</a23><a33>1</a33><autoScale>True</autoScale></item><item><a00>0.86602540378443871</a00><a01>0.5</a01><a02>5.5511151231257827E-17</a02><a03>0</a03><a10>-0.25000000000000006</a10><a11>0.4330127018922193</a11><a12>0.86602540378443871</a12><a13>0</a13><a20>0.43301270189221935</a20><a21>-0.75</a21><a22>0.5</a22><a23>0</a23><a33>1</a33><autoScale>True</autoScale></item><item><a00>1</a00><a01>0</a01><a02>0</a02><a03>0</a03><a10>0</a10><a11>0</a11><a12>1</a12><a13>0</a13><a20>0</a20><a21>-1</a21><a22>0</a22><a23>0</a23><a33>1</a33><autoScale>True</autoScale></item><item><a00>0</a00><a01>-1</a01><a02>0</a02><a03>0</a03><a10>0</a10><a11>0</a11><a12>1</a12><a13>0</a13><a20>-1</a20><a21>0</a21><a22>0</a22><a23>0</a23><a33>1</a33><autoScale>True</autoScale></item></homeViewsThirdAngle></DesignWindowState></XmlObjectList>