﻿<?xml version="1.0" encoding="utf-8"?><Document version="1.310" xmlns:xsi="http://www.w3.org/2001/XMLSchema-instance" xmlns="urn:core"><nextId>23408</nextId><isNotCompletable>False</isNotCompletable><importSource></importSource><importPath></importPath><importComponentName></importComponentName><importTimestamp></importTimestamp><loadTime>0</loadTime><originalToReplacements_Keys><item><versionIndex>0</versionIndex><id>630</id></item><item><versionIndex>0</versionIndex><id>627</id></item><item><versionIndex>0</versionIndex><id>624</id></item><item><versionIndex>0</versionIndex><id>621</id></item><item><versionIndex>0</versionIndex><id>635</id></item><item><versionIndex>0</versionIndex><id>638</id></item><item><versionIndex>0</versionIndex><id>641</id></item><item><versionIndex>0</versionIndex><id>644</id></item><item><versionIndex>0</versionIndex><id>647</id></item><item><versionIndex>0</versionIndex><id>1053</id></item><item><versionIndex>0</versionIndex><id>1089</id></item><item><versionIndex>0</versionIndex><id>1080</id></item><item><versionIndex>0</versionIndex><id>1071</id></item><item><versionIndex>0</versionIndex><id>17455</id></item><item><versionIndex>0</versionIndex><id>17449</id></item></originalToReplacements_Keys><originalToReplacements_Values><item><item><versionIndex>0</versionIndex><id>638</id></item></item><item><item><versionIndex>0</versionIndex><id>647</id></item></item><item><item><versionIndex>0</versionIndex><id>644</id></item></item><item><item><versionIndex>0</versionIndex><id>641</id></item></item><item><item><versionIndex>0</versionIndex><id>1056</id></item></item><item><item><versionIndex>0</versionIndex><id>1092</id></item></item><item><item><versionIndex>0</versionIndex><id>1086</id></item></item><item><item><versionIndex>0</versionIndex><id>1077</id></item></item><item><item><versionIndex>0</versionIndex><id>1065</id></item></item><item><item><versionIndex>0</versionIndex><id>17461</id></item><item><versionIndex>0</versionIndex><id>17464</id></item><item><versionIndex>0</versionIndex><id>17467</id></item></item><item><item><versionIndex>0</versionIndex><id>17480</id></item><item><versionIndex>0</versionIndex><id>17483</id></item></item><item><item><versionIndex>0</versionIndex><id>17490</id></item><item><versionIndex>0</versionIndex><id>17493</id></item><item><versionIndex>0</versionIndex><id>17496</id></item></item><item><item><versionIndex>0</versionIndex><id>17503</id></item><item><versionIndex>0</versionIndex><id>17506</id></item></item><item><item><versionIndex>0</versionIndex><id>17476</id></item></item><item><item><versionIndex>0</versionIndex><id>17473</id></item></item></originalToReplacements_Values><monikerOriginalToReplacements_Keys /><monikerOriginalToReplacements_Values /><locked>False</locked><EncryptedData Type="http://www.w3.org/2001/04/xmlenc#Element" xmlns="http://www.w3.org/2001/04/xmlenc#"><CipherData><CipherValue>dpibjbCMSUiFRFgkFPF4UPlJdVR0zLuv8bMks7IXy9A=</CipherValue></CipherData></EncryptedData><Design sectionId="6ab505a9-1afc-4b43-a7db-eb0258edde3e" Id="0:1" xmlns="urn:nom"><updateState>0:3</updateState><nextId>1</nextId><PartDef Id="0:2"><updateState>0:21762</updateState><patternBase /><defaultEdgeTreatment sctype="SpaceClaim.BasicMoniker`1[[SpaceClaim.IDefaultEdgeTreatment, Nom]], Core" refId="8d9b9876-8cb0-4849-8544-582414f17850:13" /><materialId>0:0</materialId><type>Normal</type><shareTopology>False</shareTopology><mergeTopology>False</mergeTopology><DefaultEdgeTreatmentDef Id="0:13"><updateState>0:13</updateState><blendRadius>0</blendRadius></DefaultEdgeTreatmentDef><ComponentDef Id="0:23"><updateState>0:15233</updateState><source sctype="SpaceClaim.ExternalMoniker`1[[SpaceClaim.IEvaluation, Core]], Core" refId="39c3238e-72b4-45fb-8c29-fbd02b7cd680:2" targetDoc="Rc1dba0c9966e46ac" /><trans>-1 -1.4996607218221374E-32 -1.2246063538223773E-16 -0.0036199999999999878 0 -1 1.2246063538223773E-16 0.1092 -1.2246063538223773E-16 1.2246063538223773E-16 1 -3.4694928817408443E-18 0 0 0 1</trans><lastAccuracy>0</lastAccuracy><lastEvaluatedTrans>-1 -1.4996607218221374E-32 -1.2246063538223773E-16 -0.0036199999999999878 0 -1 1.2246063538223773E-16 0.1092 -1.2246063538223773E-16 1.2246063538223773E-16 1 -3.4694928817408443E-18 0 0 0 1</lastEvaluatedTrans></ComponentDef><ComponentDef Id="0:25"><updateState>0:7058</updateState><source sctype="SpaceClaim.ExternalMoniker`1[[SpaceClaim.IEvaluation, Core]], Core" refId="39c3238e-72b4-45fb-8c29-fbd02b7cd680:2" targetDoc="Rc1dba0c9966e46ac" /><trans>1 0 0 0.10585 0 -1 1.2246063538223773E-16 0.11048 0 -1.2246063538223773E-16 -1 0.040000000000000022 0 0 0 1</trans><lastAccuracy>0</lastAccuracy><lastEvaluatedTrans>1 0 0 0.10585 0 -1 1.2246063538223773E-16 0.11048 0 -1.2246063538223773E-16 -1 0.040000000000000022 0 0 0 1</lastEvaluatedTrans></ComponentDef><ComponentDef Id="0:429"><updateState>0:17016</updateState><source sctype="SpaceClaim.ExternalMoniker`1[[SpaceClaim.IEvaluation, Core]], Core" refId="20e9759b-4d05-4cd6-937d-415b432563c4:2" targetDoc="Rfafea8d5ec654840" /><trans>1 0 0 0.058159999999999996 0 1 0 0 0 0 1 0.029550000000000003 0 0 0 1</trans><lastAccuracy>0</lastAccuracy><lastEvaluatedTrans>1 0 0 0.058159999999999996 0 1 0 0 0 0 1 0.029550000000000003 0 0 0 1</lastEvaluatedTrans></ComponentDef><PartSketchCurveContainerDef Id="0:619" xmlns="urn:sketch"><updateState>0:18677</updateState><isDrafting>False</isDrafting></PartSketchCurveContainerDef><NominalBodyDef Id="0:1039"><updateState>0:21177</updateState><layerId>0:9</layerId><type>Solid</type><renderingStyle>Plastic</renderingStyle><fillStyle>Opaque</fillStyle><materialId>0:0</materialId><modificationLock>None</modificationLock><finishStyle>MediumGloss</finishStyle><NominalFaceDef Id="0:1041"><updateState>0:16919</updateState></NominalFaceDef><NominalFaceDef Id="0:1044"><updateState>0:18040</updateState></NominalFaceDef><NominalFaceDef Id="0:1047"><updateState>0:21174</updateState></NominalFaceDef><NominalFaceDef Id="0:1050"><updateState>0:18586</updateState></NominalFaceDef><NominalFaceDef Id="0:1056"><updateState>0:21168</updateState></NominalFaceDef><NominalEdgeDef Id="0:1059"><updateState>0:16911</updateState><isReversed>False</isReversed></NominalEdgeDef><NominalEdgeDef Id="0:1062"><updateState>0:10394</updateState><isReversed>False</isReversed></NominalEdgeDef><NominalEdgeDef Id="0:1065"><updateState>0:16913</updateState><isReversed>False</isReversed></NominalEdgeDef><NominalEdgeDef Id="0:1068"><updateState>0:16903</updateState><isReversed>False</isReversed></NominalEdgeDef><NominalEdgeDef Id="0:1077"><updateState>0:18005</updateState><isReversed>False</isReversed></NominalEdgeDef><NominalEdgeDef Id="0:1086"><updateState>0:21152</updateState><isReversed>False</isReversed></NominalEdgeDef><NominalEdgeDef Id="0:1092"><updateState>0:18574</updateState><isReversed>False</isReversed></NominalEdgeDef><NominalFaceDef Id="0:17461"><updateState>0:21172</updateState></NominalFaceDef><NominalEdgeDef Id="0:17473"><updateState>0:21158</updateState><isReversed>False</isReversed></NominalEdgeDef><NominalEdgeDef Id="0:17476"><updateState>0:21164</updateState><isReversed>False</isReversed></NominalEdgeDef><NominalEdgeDef Id="0:17483"><updateState>0:18023</updateState><isReversed>False</isReversed></NominalEdgeDef><NominalEdgeDef Id="0:17496"><updateState>0:21156</updateState><isReversed>False</isReversed></NominalEdgeDef><NominalEdgeDef Id="0:17503"><updateState>0:17514</updateState><isReversed>False</isReversed></NominalEdgeDef><NominalFaceDef Id="0:17982"><updateState>0:21170</updateState></NominalFaceDef><NominalEdgeDef Id="0:17993"><updateState>0:21154</updateState><isReversed>False</isReversed></NominalEdgeDef><NominalEdgeDef Id="0:17996"><updateState>0:17996</updateState><isReversed>False</isReversed></NominalEdgeDef><NominalEdgeDef Id="0:17999"><updateState>0:21162</updateState><isReversed>False</isReversed></NominalEdgeDef><NominalFaceDef Id="0:18533"><updateState>0:21166</updateState></NominalFaceDef><NominalEdgeDef Id="0:18544"><updateState>0:18544</updateState><isReversed>False</isReversed></NominalEdgeDef><NominalEdgeDef Id="0:18547"><updateState>0:21150</updateState><isReversed>False</isReversed></NominalEdgeDef><NominalEdgeDef Id="0:18550"><updateState>0:21160</updateState><isReversed>False</isReversed></NominalEdgeDef></NominalBodyDef><ComponentDef Id="0:4664"><updateState>0:23407</updateState><source sctype="SpaceClaim.ExternalMoniker`1[[SpaceClaim.IEvaluation, Core]], Core" refId="68d4ad64-35d9-4913-9a62-3d92453681c6:2" targetDoc="R6bc6a5c670b74d1c" /><trans>-0.017452406437283473 -0.99984769515639127 0 0.10043269097594312 0.99984769515639127 -0.017452406437283473 0 0.081683417701736483 0 0 1 0.04993 0 0 0 1</trans><lastAccuracy>0</lastAccuracy><lastEvaluatedTrans>-0.017452406437283473 -0.99984769515639127 0 0.10043269097594312 0.99984769515639127 -0.017452406437283473 0 0.081683417701736483 0 0 1 0.04993 0 0 0 1</lastEvaluatedTrans></ComponentDef><ComponentDef Id="0:4960"><updateState>0:21760</updateState><source sctype="SpaceClaim.ExternalMoniker`1[[SpaceClaim.IEvaluation, Core]], Core" refId="20e9759b-4d05-4cd6-937d-415b432563c4:2" targetDoc="Rfafea8d5ec654840" /><trans>-2.8297676701871666E-17 0.034899496702500962 -0.9993908270190961 0.052276669453608891 3.4694469519536142E-18 0.99939082701909576 0.034899496702500983 -0.0060867915272588419 1 3.4694469519536142E-18 -2.7160263375555772E-17 0.09351000000000001 0 0 0 1</trans><lastAccuracy>0</lastAccuracy><lastEvaluatedTrans>-2.8297676701871666E-17 0.034899496702500962 -0.9993908270190961 0.052276669453608891 3.4694469519536142E-18 0.99939082701909576 0.034899496702500983 -0.0060867915272588419 1 3.4694469519536142E-18 -2.7160263375555772E-17 0.09351000000000001 0 0 0 1</lastEvaluatedTrans></ComponentDef><StoredSelectionTableDef Id="0:10980" xmlns="urn:stored selection"><updateState>0:10983</updateState><guid>ff02f6f8-742f-4448-9de9-534a01c610e5</guid><StoredSelectionDef Id="0:10982"><updateState>0:10982</updateState><buckets><item><first>Primary</first><second>Primary Selection</second></item></buckets><paths><item><item /></item></paths><pathCounts><item>2</item></pathCounts><objects><item><item sctype="SpaceClaim.BasicMoniker`1[[SpaceClaim.IEvaluation, Core]], Core" refId="8d9b9876-8cb0-4849-8544-582414f17850:1053" /><item sctype="SpaceClaim.BasicMoniker`1[[SpaceClaim.IEvaluation, Core]], Core" refId="8d9b9876-8cb0-4849-8544-582414f17850:4664" /></item></objects></StoredSelectionDef></StoredSelectionTableDef><ComponentDef Id="0:11826"><updateState>0:18940</updateState><source sctype="SpaceClaim.ExternalMoniker`1[[SpaceClaim.IEvaluation, Core]], Core" refId="f2628310-2414-4649-b457-792d9fb7f59a:2" targetDoc="R925091bf3b5b4d65" /><trans>6.1230317691118863E-17 -1 0 0.087700000000000028 0.99984769515639127 6.1203212636806725E-17 0.017452406437283512 0.042634515482170718 -0.017452406437283512 0 0.99984769515639138 -0.00069208002182308867 0 0 0 1</trans><lastAccuracy>0</lastAccuracy><lastEvaluatedTrans>6.1230317691118863E-17 -1 0 0.087700000000000028 0.99984769515639127 6.1203212636806725E-17 0.017452406437283512 0.042634515482170718 -0.017452406437283512 0 0.99984769515639138 -0.00069208002182308867 0 0 0 1</lastEvaluatedTrans></ComponentDef><ComponentDef Id="0:21761"><updateState>0:22985</updateState><source sctype="SpaceClaim.ExternalMoniker`1[[SpaceClaim.IEvaluation, Core]], Core" refId="1f1b8c24-e8d1-4424-af56-a75b98e11f45:2" targetDoc="R6cf7a8da777844b7" /><trans>0 -1 3.6082248300317588E-15 0.11207000000000003 -1 0 0 -0.045620000000000022 0 -3.6082248300317588E-15 -1 0.050830000000000236 0 0 0 1</trans><lastAccuracy>0</lastAccuracy><lastEvaluatedTrans>0 -1 3.6082248300317588E-15 0.11207000000000003 -1 0 0 -0.045620000000000022 0 -3.6082248300317588E-15 -1 0.050830000000000236 0 0 0 1</lastEvaluatedTrans></ComponentDef></PartDef></Design><PresentationDef sectionId="595f79a0-e194-4d77-946d-55f551b8663a" Id="0:5" xmlns="urn:presentation"><updateState>0:1109</updateState><nextLayerHue>270</nextLayerHue><decorationTableKeys /><decorationTableValues /><AttributeTableDef Id="0:6"><updateState>0:6</updateState><paths /><versionNumbers /><idRanges /><attributeIndex /><keys /><layerNames /><layerAttributes /><createdInVersion>310</createdInVersion></AttributeTableDef><LayerDef Id="0:9"><updateState>0:9</updateState><name>ﾚｲﾔ0</name><visible>True</visible><locked>False</locked><color>143, 175, 143</color><fillStyle>Opaque</fillStyle><lineWeight /></LayerDef><RootCaptionDef Id="0:11" xmlns="urn:nom"><updateState>0:7410</updateState><subjectId>0:2</subjectId><name>web_camera_robot</name><description></description><type version="82">Normal</type><isNameLocked>True</isNameLocked></RootCaptionDef><CaptionDef Id="0:1098"><updateState>0:1098</updateState><subjectId>0:1039</subjectId><name>Solid</name><description></description><type version="82">Mutable</type></CaptionDef></PresentationDef><DocumentSettingsDef sectionId="0ac8f8e0-608c-4b1e-a830-61e2a4bad599" Id="0:16" xmlns="urn:presentation"><updateState>0:22</updateState><topViewDirection>Z</topViewDirection><DocumentUnitsDef Id="0:17"><updateState>0:17</updateState><units><massFactor>1</massFactor><derivedDensity>True</derivedDensity><timeFactor>1</timeFactor><lengthProperties><type>MM</type><factor>1000</factor><symbolDisplay>True</symbolDisplay><annotationSymbolDisplay>True</annotationSymbolDisplay><trailingZeros>False</trailingZeros><symbol>mm</symbol><secondSymbol>""</secondSymbol><fractionSeparator> </fractionSeparator><decimalPlaces>3</decimalPlaces><largestDenominator>0</largestDenominator><minorsInMajor>10</minorsInMajor><minorTickInterval>0.001</minorTickInterval><angularPrecision>1</angularPrecision><angularTrailingZeros>False</angularTrailingZeros></lengthProperties><angleFactor>57.295779513082323</angleFactor><textHeightUnits>MM</textHeightUnits><newMassSymbol>g</newMassSymbol><newMassType>GRAMS</newMassType><newMassFactor>1000</newMassFactor><dualDimensionDisplay>False</dualDimensionDisplay><extendedInformationDisplay>None</extendedInformationDisplay><nearestFractionLargestDenominator>16</nearestFractionLargestDenominator><showNearestFromBothSides>False</showNearestFromBothSides><useTightTolerance>False</useTightTolerance><densityProperties><massType>GRAMS</massType><lengthType>MM</lengthType><massSymbol>g</massSymbol><lengthSymbol>mm</lengthSymbol><massFactor>1000</massFactor><lengthFactor>1000</lengthFactor></densityProperties><angularUnits>Degrees</angularUnits></units><alternateUnits><massFactor>1</massFactor><derivedDensity>True</derivedDensity><timeFactor>1</timeFactor><lengthProperties><type>INCHES</type><factor>39.370078740157481</factor><symbolDisplay>True</symbolDisplay><annotationSymbolDisplay>True</annotationSymbolDisplay><trailingZeros>True</trailingZeros><symbol>in</symbol><secondSymbol>in</secondSymbol><fractionSeparator>-</fractionSeparator><decimalPlaces>3</decimalPlaces><largestDenominator>0</largestDenominator><minorsInMajor>8</minorsInMajor><minorTickInterval>0.003175</minorTickInterval><angularPrecision>1</angularPrecision><angularTrailingZeros>False</angularTrailingZeros></lengthProperties><angleFactor>57.295779513082323</angleFactor><textHeightUnits>INCHES</textHeightUnits><newMassSymbol>lb</newMassSymbol><newMassType>POUNDS</newMassType><newMassFactor>2.20462</newMassFactor><dualDimensionDisplay>False</dualDimensionDisplay><extendedInformationDisplay>None</extendedInformationDisplay><nearestFractionLargestDenominator>16</nearestFractionLargestDenominator><showNearestFromBothSides>False</showNearestFromBothSides><useTightTolerance>False</useTightTolerance><densityProperties><massType>POUNDS</massType><lengthType>INCHES</lengthType><massSymbol>lb</massSymbol><lengthSymbol>in</lengthSymbol><massFactor>2.20462</massFactor><lengthFactor>39.370078740157481</lengthFactor></densityProperties><angularUnits>Degrees</angularUnits></alternateUnits><unitsSecondary><massFactor>1</massFactor><derivedDensity>True</derivedDensity><timeFactor>1</timeFactor><lengthProperties><type>INCHES</type><factor>39.370078740157481</factor><symbolDisplay>True</symbolDisplay><annotationSymbolDisplay>False</annotationSymbolDisplay><trailingZeros>True</trailingZeros><symbol>in</symbol><secondSymbol></secondSymbol><fractionSeparator></fractionSeparator><decimalPlaces>3</decimalPlaces><largestDenominator>0</largestDenominator><minorsInMajor>10</minorsInMajor><minorTickInterval>0.0025399999999999997</minorTickInterval><angularPrecision>1</angularPrecision><angularTrailingZeros>False</angularTrailingZeros></lengthProperties><angleFactor>57.295779513082323</angleFactor><textHeightUnits>INCHES</textHeightUnits><newMassSymbol>lb</newMassSymbol><newMassType>POUNDS</newMassType><newMassFactor>2.20462</newMassFactor><dualDimensionDisplay>False</dualDimensionDisplay><extendedInformationDisplay>None</extendedInformationDisplay><nearestFractionLargestDenominator>16</nearestFractionLargestDenominator><showNearestFromBothSides>False</showNearestFromBothSides><useTightTolerance>False</useTightTolerance><densityProperties><massType>OUNCES</massType><lengthType>INCHES</lengthType><massSymbol>oz</massSymbol><lengthSymbol>in</lengthSymbol><massFactor>35.27392</massFactor><lengthFactor>39.370078740157481</lengthFactor></densityProperties><angularUnits>Degrees</angularUnits></unitsSecondary><alternateUnitsSecondary><massFactor>1</massFactor><derivedDensity>True</derivedDensity><timeFactor>1</timeFactor><lengthProperties><type>MM</type><factor>1000</factor><symbolDisplay>True</symbolDisplay><annotationSymbolDisplay>False</annotationSymbolDisplay><trailingZeros>False</trailingZeros><symbol>mm</symbol><secondSymbol></secondSymbol><fractionSeparator></fractionSeparator><decimalPlaces>3</decimalPlaces><largestDenominator>0</largestDenominator><minorsInMajor>10</minorsInMajor><minorTickInterval>0.0001</minorTickInterval><angularPrecision>1</angularPrecision><angularTrailingZeros>False</angularTrailingZeros></lengthProperties><angleFactor>57.295779513082323</angleFactor><textHeightUnits>MM</textHeightUnits><newMassSymbol>kg</newMassSymbol><newMassType>KILOGRAMS</newMassType><newMassFactor>1</newMassFactor><dualDimensionDisplay>False</dualDimensionDisplay><extendedInformationDisplay>None</extendedInformationDisplay><nearestFractionLargestDenominator>16</nearestFractionLargestDenominator><showNearestFromBothSides>False</showNearestFromBothSides><useTightTolerance>False</useTightTolerance><densityProperties><massType>GRAMS</massType><lengthType>CM</lengthType><massSymbol>g</massSymbol><lengthSymbol>cm</lengthSymbol><massFactor>1000</massFactor><lengthFactor>100</lengthFactor></densityProperties><angularUnits>Degrees</angularUnits></alternateUnitsSecondary></DocumentUnitsDef><DocumentDetailSettingsDef Id="0:19"><updateState>0:19</updateState><settings><defaultViewProjection>ThirdAngle</defaultViewProjection><defaultViewLayout>BottomLeft</defaultViewLayout><sectionLineArrowSize>0.0028</sectionLineArrowSize><sectionLineLength>0.014</sectionLineLength><leaderCircleSize>0.0009</leaderCircleSize><leaderArrowLength>0.0025</leaderArrowLength><leaderArrowWidth>0.0006</leaderArrowWidth><defaultLeaderShoulderLength>0.00564444444</defaultLeaderShoulderLength><leaderTextBoxGap>0.00141111111</leaderTextBoxGap><defaultFillStyle>Filled</defaultFillStyle><enforceDimensionLine>False</enforceDimensionLine><dimensionTextIsHorizontal>True</dimensionTextIsHorizontal><defaultDimensionTextLocation>MiddleOfTopLine</defaultDimensionTextLocation><tightDimensionTextDistance>False</tightDimensionTextDistance><dimensionTextOffset>0</dimensionTextOffset><defaultGtolFontName>SpaceClaim ASME CB</defaultGtolFontName><extensionLineGap>0.001</extensionLineGap><extensionLineExtend>0.002</extensionLineExtend><dimensionLineExtend>0.006</dimensionLineExtend><annotationCreationColor>Black</annotationCreationColor><detailViewClippedEdgesColor>Black</detailViewClippedEdgesColor><brokenViewClippedEdgesColor>Black</brokenViewClippedEdgesColor><defaultToleranceVerticalPosition>Middle</defaultToleranceVerticalPosition><fractionalScaleDivider>:</fractionalScaleDivider><minimumDefaultHatchSpacing>0.0007</minimumDefaultHatchSpacing><maximumDefaultHatchSpacing>0.02</maximumDefaultHatchSpacing><detailViewBoundaryRendering>PhantomThin</detailViewBoundaryRendering><detailViewNoteLayout>TwoLines</detailViewNoteLayout><crossSectionArrowsRendering>PhantomThick</crossSectionArrowsRendering><detailViewNoteScaleText>SCALE</detailViewNoteScaleText><detailViewNoteDetailText>DETAIL</detailViewNoteDetailText><defaultTextHeight>0.0035</defaultTextHeight><detailViewNameTextHeightRatio>1.4</detailViewNameTextHeightRatio><detailViewNotePlacement>Centered</detailViewNotePlacement><crossSectionArrowOutwardDistance>0</crossSectionArrowOutwardDistance><crossSectionArrowPenetrationDistance>0.0075</crossSectionArrowPenetrationDistance><crossSectionArrowDirectionDisplayStyle>From</crossSectionArrowDirectionDisplayStyle><defaultSectionNameNotePrefix>SECTION</defaultSectionNameNotePrefix><defaultThickLineWeight>0.0007</defaultThickLineWeight><defaultThinLineWeight>0.00035</defaultThinLineWeight><defaultMediumLineWeight>0.000525</defaultMediumLineWeight><defaultDetailViewClippedEdgeExtent>0</defaultDetailViewClippedEdgeExtent><defaultBrokenViewClippedEdgeExtent>0</defaultBrokenViewClippedEdgeExtent><defaultForeshortenedCenterSize>0.004</defaultForeshortenedCenterSize><useThickLineWeightForAreaCrossSectionBorderLines>True</useThickLineWeightForAreaCrossSectionBorderLines><threadDisplayStandard>AsmeSimplified</threadDisplayStandard><centerLinesExtend>0.003</centerLinesExtend><crossSectionArrowLineWeight>THICK</crossSectionArrowLineWeight><detailViewBoundaryLineWeight>THIN</detailViewBoundaryLineWeight><virtualSharpRendering>None</virtualSharpRendering><centermarkCrossRadius>0</centermarkCrossRadius><defaultDimensionArrowShape>Arrow</defaultDimensionArrowShape><ordinateDimsShowZeroBaseline>True</ordinateDimsShowZeroBaseline><ordinateDimsDimensionLineAndTextOrientation>HideCommonDimensionLineTextVertical</ordinateDimsDimensionLineAndTextOrientation><datumSymbolAttachment>Triangle</datumSymbolAttachment><datumSymbolFrame>Rectangular</datumSymbolFrame><isTrimBackProportional>False</isTrimBackProportional><showConstructionCurvesOffPlane>True</showConstructionCurvesOffPlane><threadDiameterDimensionDesignationTextOption>Never</threadDiameterDimensionDesignationTextOption><datumCalloutTextHeightRatio>3.5</datumCalloutTextHeightRatio><datumTargetPointSize>0.00494975</datumTargetPointSize><datumTargetHatchSpacing>0.001</datumTargetHatchSpacing><datumTargetHatchAngle>0.78539816339744828</datumTargetHatchAngle><datumCalloutLeaderShape>None</datumCalloutLeaderShape><datumTargetLineShowEndPoints>True</datumTargetLineShowEndPoints><weldingSymbolStandard>AWS</weldingSymbolStandard><hideAnnotationsBehindModel>False</hideAnnotationsBehindModel><projectionArrowsStyle>Double</projectionArrowsStyle><chamferDimensionStyle>Linear</chamferDimensionStyle><chamferDimensionTextStyle>X45</chamferDimensionTextStyle><showNotesForProjectedViews>False</showNotesForProjectedViews><showNotesForAuxiliaryViews>False</showNotesForAuxiliaryViews><projectedViewLabelPrefix>VIEW</projectedViewLabelPrefix><auxiliaryViewLabelPrefix>VIEW</auxiliaryViewLabelPrefix><showProjectedViewArrows>False</showProjectedViewArrows><showAuxiliaryViewArrows>False</showAuxiliaryViewArrows><projectionArrowLength>0.014</projectionArrowLength><assignmentArray><item><key>Annotation</key><value><linestyleId>Solid</linestyleId><lineWeight>THIN</lineWeight></value></item><item><key>AreaCrossHatchingBorderLines</key><value><linestyleId>Solid</linestyleId><lineWeight>THICK</lineWeight></value></item><item><key>BrokenOutSectionClippingEdges</key><value><linestyleId>Solid</linestyleId><lineWeight>THIN</lineWeight></value></item><item><key>BrokenViewClippingEdges</key><value><linestyleId>Solid</linestyleId><lineWeight>THIN</lineWeight></value></item><item><key>CenterLines</key><value><linestyleId>LongDashDotted</linestyleId><lineWeight>THIN</lineWeight></value></item><item><key>CrossHatching</key><value><linestyleId>Solid</linestyleId><lineWeight>THIN</lineWeight></value></item><item><key>CrossHatchingBorderLines</key><value><linestyleId>Solid</linestyleId><lineWeight>THICK</lineWeight></value></item><item><key>CrossSectionCutLineTips</key><value><linestyleId>Solid</linestyleId><lineWeight>THICK</lineWeight></value></item><item><key>DatumTargetAreaBorder</key><value><linestyleId>LongDashDoubleDotted</linestyleId><lineWeight>THIN</lineWeight></value></item><item><key>DatumTargetLine</key><value><linestyleId>LongDashDoubleDotted</linestyleId><lineWeight>THIN</lineWeight></value></item><item><key>DetailViewClippingEdges</key><value><linestyleId>Solid</linestyleId><lineWeight>THICK</lineWeight></value></item><item><key>DrawingHiddenEdges</key><value><linestyleId>Dash</linestyleId><lineWeight>THIN</lineWeight></value></item><item><key>DrawingVisibleEdges</key><value><linestyleId>Solid</linestyleId><lineWeight>THICK</lineWeight></value></item><item><key>ProjectionArrowTipsType</key><value><linestyleId>Solid</linestyleId><lineWeight>THICK</lineWeight></value></item><item><key>ProjectionArrowType</key><value><linestyleId>LongDashDotted</linestyleId><lineWeight>THICK</lineWeight></value></item></assignmentArray></settings></DocumentDetailSettingsDef></DocumentSettingsDef></Document>