﻿<?xml version="1.0" encoding="utf-8"?><RenderList Version="0.5" Views="2"><View Id="8d57a461-c41d-4186-bac7-0463718a4ca4:0" Items="1" Box="-0.0560000017285347,-0.0030000000260770321,0,0,0.019999999552965164,0.019999999552965164"><Item Id="0:2" Dimmed="0" Transform="1,0,0,0,0,1,0,0,0,0,1,0,0,0,0,1" Bodies="1" Components="0" Path=""><Body Id="1:288" Visible="1" Color="-32640" FillStyle="1" BodyType="0" RenderingStyle="1" FinishStyle="3" /></Item></View><View Id="00000000-0000-0000-0000-000000000000:0" Items="1" Box="-0.0560000017285347,-0.0030000000260770321,0,0,0.019999999552965164,0.019999999552965164"><Item Id="0:2" Dimmed="0" Transform="1,0,0,0,0,1,0,0,0,0,1,0,0,0,0,1" Bodies="1" Components="0" Path=""><Body Id="1:288" Visible="1" Color="-32640" FillStyle="1" BodyType="0" RenderingStyle="1" FinishStyle="3" /></Item></View></RenderList>