﻿<?xml version="1.0" encoding="utf-8"?><XmlObjectList xmlns:xsi="http://www.w3.org/2001/XMLSchema-instance" xmlns="urn:core"><DesignWindowState sctype="SpaceClaim.DesignWindowState, SpaceClaim" xmlns="urn:spaceclaim"><projections><item><a00>1</a00><a01>0</a01><a02>0</a02><a03>0</a03><a10>0</a10><a11>1</a11><a12>0</a12><a13>0</a13><a20>0</a20><a21>0</a21><a22>1</a22><a23>0</a23><a33>0.066666666666666666</a33></item><item><a00>0.86602540378443871</a00><a01>0.5</a01><a02>5.5511151231257827E-17</a02><a03>-0.0019150630168154588</a03><a10>-0.25000000000000006</a10><a11>0.4330127018922193</a11><a12>0.86602540378443871</a12><a13>-0.0099838110492916736</a13><a20>0.43301270189221935</a20><a21>-0.75</a21><a22>0.5</a22><a23>-0.0077075314506657279</a23><a33>0.068536329527595252</a33></item><item><a00>0</a00><a01>1</a01><a02>0</a02><a03>0</a03><a10>0</a10><a11>0</a11><a12>1</a12><a13>0</a13><a20>1</a20><a21>0</a21><a22>0</a22><a23>0</a23><a33>0.066666666666666666</a33></item><item><a00>1</a00><a01>0</a01><a02>0</a02><a03>0</a03><a10>0</a10><a11>0</a11><a12>1</a12><a13>0</a13><a20>0</a20><a21>-1</a21><a22>0</a22><a23>0</a23><a33>0.066666666666666666</a33></item></projections><renderingMode>Shaded</renderingMode><hSplit>0</hSplit><vSplit>1</vSplit><persistentId>6a54b03a-7fe4-4c5d-a9e5-a52ad58f5a44:0</persistentId><paragraphProperties><lineSpace>0</lineSpace><spaceBefore>0</spaceBefore><spaceAfter>0</spaceAfter><defaultTabSize>0.008</defaultTabSize><textTabStop_Values /><textProperties><fontName>ＭＳ ゴシック</fontName><fontSize>0.0035</fontSize><widthFactor>1</widthFactor><bold>False</bold><italic>False</italic><underline>False</underline><strikethrough>False</strikethrough><verticalOffsetUnits>RunSize</verticalOffsetUnits><horizontalOffsetUnits>RunSize</horizontalOffsetUnits><verticalOffset>0</verticalOffset><horizontalOffset>0</horizontalOffset></textProperties><leftMargin>0</leftMargin><rightMargin>0</rightMargin><textIndentLevel>0</textIndentLevel><indent>0</indent><textAlign>Left</textAlign><rightToLeft>False</rightToLeft></paragraphProperties><enableLineweight>False</enableLineweight><originalActivationOrder>0</originalActivationOrder><activeLayerName>ﾚｲﾔ0</activeLayerName><beamGraphics>Wire</beamGraphics><showRegularEdges>True</showRegularEdges><showLaminarEdges>True</showLaminarEdges><showTangentEdges>True</showTangentEdges><showSilhouetteEdges>True</showSilhouetteEdges><showMeshEdges>True</showMeshEdges><showMeshOpenEdges>True</showMeshOpenEdges><showSoftEdges>True</showSoftEdges><showMeshNonManifoldEdges>True</showMeshNonManifoldEdges><rootPartMoniker sctype="SpaceClaim.BasicMoniker`1[[SpaceClaim.IPart, Nom]], Core" refId="7ac0b98a-c3c4-4cad-8b97-b265341e3ab6:2" /><currentPartMoniker sctype="SpaceClaim.BasicMoniker`1[[SpaceClaim.IPart, Nom]], Core" refId="7ac0b98a-c3c4-4cad-8b97-b265341e3ab6:2" /><homeViewsFirstAngle><item><a00>1</a00><a01>0</a01><a02>0</a02><a03>0</a03><a10>0</a10><a11>1</a11><a12>0</a12><a13>0</a13><a20>0</a20><a21>0</a21><a22>1</a22><a23>0</a23><a33>1</a33><autoScale>True</autoScale></item><item><a00>0.86602540378443871</a00><a01>0.5</a01><a02>5.5511151231257827E-17</a02><a03>0</a03><a10>-0.25000000000000006</a10><a11>0.4330127018922193</a11><a12>0.86602540378443871</a12><a13>0</a13><a20>0.43301270189221935</a20><a21>-0.75</a21><a22>0.5</a22><a23>0</a23><a33>1</a33><autoScale>True</autoScale></item><item><a00>0</a00><a01>1</a01><a02>0</a02><a03>0</a03><a10>0</a10><a11>0</a11><a12>1</a12><a13>0</a13><a20>1</a20><a21>0</a21><a22>0</a22><a23>0</a23><a33>1</a33><autoScale>True</autoScale></item><item><a00>1</a00><a01>0</a01><a02>0</a02><a03>0</a03><a10>0</a10><a11>0</a11><a12>1</a12><a13>0</a13><a20>0</a20><a21>-1</a21><a22>0</a22><a23>0</a23><a33>1</a33><autoScale>True</autoScale></item></homeViewsFirstAngle><homeViewsThirdAngle><item><a00>1</a00><a01>0</a01><a02>0</a02><a03>0</a03><a10>0</a10><a11>1</a11><a12>0</a12><a13>0</a13><a20>0</a20><a21>0</a21><a22>1</a22><a23>0</a23><a33>1</a33><autoScale>True</autoScale></item><item><a00>0.86602540378443871</a00><a01>0.5</a01><a02>5.5511151231257827E-17</a02><a03>0</a03><a10>-0.25000000000000006</a10><a11>0.4330127018922193</a11><a12>0.86602540378443871</a12><a13>0</a13><a20>0.43301270189221935</a20><a21>-0.75</a21><a22>0.5</a22><a23>0</a23><a33>1</a33><autoScale>True</autoScale></item><item><a00>1</a00><a01>0</a01><a02>0</a02><a03>0</a03><a10>0</a10><a11>0</a11><a12>1</a12><a13>0</a13><a20>0</a20><a21>-1</a21><a22>0</a22><a23>0</a23><a33>1</a33><autoScale>True</autoScale></item><item><a00>0</a00><a01>-1</a01><a02>0</a02><a03>0</a03><a10>0</a10><a11>0</a11><a12>1</a12><a13>0</a13><a20>-1</a20><a21>0</a21><a22>0</a22><a23>0</a23><a33>1</a33><autoScale>True</autoScale></item></homeViewsThirdAngle></DesignWindowState></XmlObjectList>