﻿<?xml version="1.0" encoding="utf-8"?><RenderList Version="0.5" Views="2"><View Id="a7586d9f-a88f-4c8a-8dd0-75e7bdaecfce:0" Items="1" Box="-0.079999998211860657,0,0,-0.026000000536441803,0.05000000074505806,0.004999999888241291"><Item Id="0:2" Dimmed="0" Transform="1,0,0,0,0,1,0,0,0,0,1,0,0,0,0,1" Bodies="1" Components="0" Path=""><Body Id="0:1064" Visible="1" Color="-7360625" FillStyle="1" BodyType="0" RenderingStyle="1" FinishStyle="3" /></Item></View><View Id="00000000-0000-0000-0000-000000000000:0" Items="1" Box="-0.079999998211860657,0,0,-0.026000000536441803,0.05000000074505806,0.004999999888241291"><Item Id="0:2" Dimmed="0" Transform="1,0,0,0,0,1,0,0,0,0,1,0,0,0,0,1" Bodies="1" Components="0" Path=""><Body Id="0:1064" Visible="1" Color="-7360625" FillStyle="1" BodyType="0" RenderingStyle="1" FinishStyle="3" /></Item></View></RenderList>