﻿<?xml version="1.0" encoding="utf-8"?><Document version="1.310" xmlns:xsi="http://www.w3.org/2001/XMLSchema-instance" xmlns="urn:core"><nextId>3</nextId><isNotCompletable>False</isNotCompletable><importSource></importSource><importPath></importPath><importComponentName></importComponentName><importTimestamp></importTimestamp><loadTime>0</loadTime><originalToReplacements_Keys><item><versionIndex>0</versionIndex><id>34</id></item><item><versionIndex>0</versionIndex><id>31</id></item><item><versionIndex>0</versionIndex><id>28</id></item><item><versionIndex>0</versionIndex><id>25</id></item><item><versionIndex>0</versionIndex><id>39</id></item><item><versionIndex>0</versionIndex><id>42</id></item><item><versionIndex>0</versionIndex><id>45</id></item><item><versionIndex>0</versionIndex><id>48</id></item><item><versionIndex>0</versionIndex><id>51</id></item><item><versionIndex>0</versionIndex><id>575</id></item><item><versionIndex>0</versionIndex><id>611</id></item><item><versionIndex>0</versionIndex><id>602</id></item><item><versionIndex>0</versionIndex><id>692</id></item><item><versionIndex>0</versionIndex><id>689</id></item><item><versionIndex>0</versionIndex><id>686</id></item><item><versionIndex>0</versionIndex><id>683</id></item><item><versionIndex>0</versionIndex><id>713</id></item><item><versionIndex>0</versionIndex><id>710</id></item><item><versionIndex>0</versionIndex><id>569</id></item><item><versionIndex>0</versionIndex><id>590</id></item><item><versionIndex>0</versionIndex><id>596</id></item><item><versionIndex>0</versionIndex><id>1487</id></item><item><versionIndex>0</versionIndex><id>1484</id></item><item><versionIndex>0</versionIndex><id>1481</id></item><item><versionIndex>0</versionIndex><id>1478</id></item><item><versionIndex>0</versionIndex><id>1508</id></item><item><versionIndex>0</versionIndex><id>1505</id></item><item><versionIndex>0</versionIndex><id>581</id></item><item><versionIndex>0</versionIndex><id>617</id></item><item><versionIndex>0</versionIndex><id>587</id></item><item><versionIndex>0</versionIndex><id>599</id></item><item><versionIndex>0</versionIndex><id>3358</id></item><item><versionIndex>0</versionIndex><id>3355</id></item><item><versionIndex>0</versionIndex><id>3352</id></item><item><versionIndex>0</versionIndex><id>2208</id></item><item><versionIndex>0</versionIndex><id>3403</id></item><item><versionIndex>0</versionIndex><id>3394</id></item><item><versionIndex>0</versionIndex><id>3400</id></item><item><versionIndex>0</versionIndex><id>3397</id></item><item><versionIndex>0</versionIndex><id>3373</id></item><item><versionIndex>0</versionIndex><id>4248</id></item><item><versionIndex>0</versionIndex><id>4264</id></item><item><versionIndex>0</versionIndex><id>1496</id></item><item><versionIndex>0</versionIndex><id>4408</id></item><item><versionIndex>0</versionIndex><id>4405</id></item><item><versionIndex>0</versionIndex><id>4402</id></item><item><versionIndex>0</versionIndex><id>4399</id></item><item><versionIndex>0</versionIndex><id>4432</id></item><item><versionIndex>0</versionIndex><id>4429</id></item><item><versionIndex>0</versionIndex><id>4426</id></item><item><versionIndex>0</versionIndex><id>4423</id></item></originalToReplacements_Keys><originalToReplacements_Values><item><item><versionIndex>0</versionIndex><id>48</id></item></item><item><item><versionIndex>0</versionIndex><id>51</id></item></item><item><item><versionIndex>0</versionIndex><id>42</id></item></item><item><item><versionIndex>0</versionIndex><id>45</id></item></item><item><item><versionIndex>0</versionIndex><id>584</id></item></item><item><item><versionIndex>0</versionIndex><id>620</id></item></item><item><item><versionIndex>0</versionIndex><id>614</id></item></item><item><item><versionIndex>0</versionIndex><id>605</id></item></item><item><item><versionIndex>0</versionIndex><id>593</id></item></item><item><item><versionIndex>0</versionIndex><id>698</id></item><item><versionIndex>0</versionIndex><id>701</id></item><item><versionIndex>0</versionIndex><id>704</id></item></item><item><item><versionIndex>0</versionIndex><id>717</id></item><item><versionIndex>0</versionIndex><id>720</id></item><item><versionIndex>0</versionIndex><id>723</id></item></item><item><item><versionIndex>0</versionIndex><id>730</id></item><item><versionIndex>0</versionIndex><id>733</id></item><item><versionIndex>0</versionIndex><id>736</id></item></item><item><item><versionIndex>0</versionIndex><id>723</id></item></item><item><item><versionIndex>0</versionIndex><id>713</id></item></item><item><item><versionIndex>0</versionIndex><id>736</id></item></item><item><item><versionIndex>0</versionIndex><id>710</id></item></item><item><item><versionIndex>0</versionIndex><id>1435</id></item><item><versionIndex>0</versionIndex><id>1438</id></item></item><item><item><versionIndex>0</versionIndex><id>1445</id></item><item><versionIndex>0</versionIndex><id>1448</id></item></item><item><item><versionIndex>0</versionIndex><id>1493</id></item><item><versionIndex>0</versionIndex><id>1496</id></item><item><versionIndex>0</versionIndex><id>1499</id></item></item><item><item><versionIndex>0</versionIndex><id>1512</id></item><item><versionIndex>0</versionIndex><id>1515</id></item><item><versionIndex>0</versionIndex><id>1518</id></item></item><item><item><versionIndex>0</versionIndex><id>1525</id></item><item><versionIndex>0</versionIndex><id>1528</id></item><item><versionIndex>0</versionIndex><id>1531</id></item></item><item><item><versionIndex>0</versionIndex><id>1518</id></item></item><item><item><versionIndex>0</versionIndex><id>1508</id></item></item><item><item><versionIndex>0</versionIndex><id>1531</id></item></item><item><item><versionIndex>0</versionIndex><id>1505</id></item></item><item><item><versionIndex>0</versionIndex><id>2165</id></item><item><versionIndex>0</versionIndex><id>2168</id></item></item><item><item><versionIndex>0</versionIndex><id>2175</id></item><item><versionIndex>0</versionIndex><id>2178</id></item></item><item><item><versionIndex>0</versionIndex><id>3370</id></item><item><versionIndex>0</versionIndex><id>3373</id></item><item><versionIndex>0</versionIndex><id>3376</id></item><item><versionIndex>0</versionIndex><id>3379</id></item></item><item><item><versionIndex>0</versionIndex><id>3407</id></item><item><versionIndex>0</versionIndex><id>3410</id></item></item><item><item><versionIndex>0</versionIndex><id>3417</id></item><item><versionIndex>0</versionIndex><id>3420</id></item></item><item><item><versionIndex>0</versionIndex><id>3427</id></item><item><versionIndex>0</versionIndex><id>3430</id></item></item><item><item><versionIndex>0</versionIndex><id>3403</id></item></item><item><item><versionIndex>0</versionIndex><id>3400</id></item></item><item><item><versionIndex>0</versionIndex><id>3397</id></item></item><item><item><versionIndex>0</versionIndex><id>3385</id></item><item><versionIndex>0</versionIndex><id>3388</id></item><item><versionIndex>0</versionIndex><id>3391</id></item><item><versionIndex>0</versionIndex><id>3394</id></item></item><item><item><versionIndex>0</versionIndex><id>3894</id></item><item><versionIndex>0</versionIndex><id>3897</id></item></item><item><item><versionIndex>0</versionIndex><id>3904</id></item><item><versionIndex>0</versionIndex><id>3907</id></item></item><item><item><versionIndex>0</versionIndex><id>3914</id></item><item><versionIndex>0</versionIndex><id>3917</id></item></item><item><item><versionIndex>0</versionIndex><id>3924</id></item><item><versionIndex>0</versionIndex><id>3927</id></item></item><item><item><versionIndex>0</versionIndex><id>4255</id></item><item><versionIndex>0</versionIndex><id>4258</id></item></item><item><item><versionIndex>0</versionIndex><id>4264</id></item></item><item><item><versionIndex>0</versionIndex><id>4360</id></item><item><versionIndex>0</versionIndex><id>4363</id></item></item><item><item><versionIndex>0</versionIndex><id>4414</id></item><item><versionIndex>0</versionIndex><id>4417</id></item></item><item><item><versionIndex>0</versionIndex><id>4432</id></item></item><item><item><versionIndex>0</versionIndex><id>4429</id></item></item><item><item><versionIndex>0</versionIndex><id>4426</id></item></item><item><item><versionIndex>0</versionIndex><id>4423</id></item></item><item><item><versionIndex>0</versionIndex><id>12445</id></item><item><versionIndex>0</versionIndex><id>12448</id></item></item><item><item><versionIndex>0</versionIndex><id>12455</id></item><item><versionIndex>0</versionIndex><id>12458</id></item></item><item><item><versionIndex>0</versionIndex><id>12465</id></item><item><versionIndex>0</versionIndex><id>12468</id></item></item><item><item><versionIndex>0</versionIndex><id>12475</id></item><item><versionIndex>0</versionIndex><id>12478</id></item></item></originalToReplacements_Values><monikerOriginalToReplacements_Keys /><monikerOriginalToReplacements_Values /><locked>False</locked><EncryptedData Type="http://www.w3.org/2001/04/xmlenc#Element" xmlns="http://www.w3.org/2001/04/xmlenc#"><CipherData><CipherValue>JPUPZGbMdw842PH9qBoechTn10VE7r8cmz98pZukwWI=</CipherValue></CipherData></EncryptedData><Design sectionId="6ab505a9-1afc-4b43-a7db-eb0258edde3e" Id="0:1" xmlns="urn:nom"><updateState>0:3</updateState><nextId>1</nextId><PartDef Id="0:2"><updateState>0:629</updateState><patternBase /><defaultEdgeTreatment sctype="SpaceClaim.BasicMoniker`1[[SpaceClaim.IDefaultEdgeTreatment, Nom]], Core" refId="fd093e31-c65d-4a67-af29-0c7d2135fd91:13" /><materialId>0:0</materialId><type>Normal</type><shareTopology>False</shareTopology><mergeTopology>False</mergeTopology><DefaultEdgeTreatmentDef Id="0:13"><updateState>0:13</updateState><blendRadius>0</blendRadius></DefaultEdgeTreatmentDef><PartSketchCurveContainerDef Id="0:23" xmlns="urn:sketch"><updateState>0:4448</updateState><isDrafting>False</isDrafting></PartSketchCurveContainerDef><NominalBodyDef Id="0:567"><updateState>0:12500</updateState><layerId>0:9</layerId><type>Solid</type><color>0, 128, 255</color><renderingStyle>Plastic</renderingStyle><fillStyle>Opaque</fillStyle><materialId>0:0</materialId><modificationLock>None</modificationLock><finishStyle>MediumGloss</finishStyle><NominalFaceDef Id="0:572"><updateState>0:3950</updateState></NominalFaceDef><NominalFaceDef Id="0:578"><updateState>0:3954</updateState></NominalFaceDef><NominalFaceDef Id="0:584"><updateState>0:584</updateState></NominalFaceDef><NominalEdgeDef Id="0:593"><updateState>0:593</updateState><isReversed>False</isReversed></NominalEdgeDef><NominalEdgeDef Id="0:605"><updateState>0:605</updateState><isReversed>False</isReversed></NominalEdgeDef><NominalEdgeDef Id="0:608"><updateState>0:646</updateState><isReversed>False</isReversed></NominalEdgeDef><NominalEdgeDef Id="0:614"><updateState>0:614</updateState><isReversed>False</isReversed></NominalEdgeDef><NominalEdgeDef Id="0:620"><updateState>0:620</updateState><isReversed>False</isReversed></NominalEdgeDef><NominalFaceDef Id="0:698"><updateState>0:1463</updateState></NominalFaceDef><NominalFaceDef Id="0:701"><updateState>0:1459</updateState></NominalFaceDef><NominalFaceDef Id="0:704"><updateState>0:1476</updateState></NominalFaceDef><NominalEdgeDef Id="0:717"><updateState>0:742</updateState><isReversed>False</isReversed></NominalEdgeDef><NominalEdgeDef Id="0:720"><updateState>0:720</updateState><isReversed>False</isReversed></NominalEdgeDef><NominalEdgeDef Id="0:723"><updateState>0:1457</updateState><isReversed>False</isReversed></NominalEdgeDef><NominalEdgeDef Id="0:730"><updateState>0:743</updateState><isReversed>False</isReversed></NominalEdgeDef><NominalEdgeDef Id="0:733"><updateState>0:733</updateState><isReversed>False</isReversed></NominalEdgeDef><NominalEdgeDef Id="0:736"><updateState>0:1455</updateState><isReversed>False</isReversed></NominalEdgeDef><NominalFaceDef Id="0:1416"><updateState>0:1472</updateState></NominalFaceDef><NominalFaceDef Id="0:1419"><updateState>0:1475</updateState></NominalFaceDef><NominalEdgeDef Id="0:1422"><updateState>0:1422</updateState><isReversed>False</isReversed></NominalEdgeDef><NominalEdgeDef Id="0:1425"><updateState>0:1425</updateState><isReversed>False</isReversed></NominalEdgeDef><NominalEdgeDef Id="0:1428"><updateState>0:1428</updateState><isReversed>False</isReversed></NominalEdgeDef><NominalEdgeDef Id="0:1431"><updateState>0:1431</updateState><isReversed>False</isReversed></NominalEdgeDef><NominalEdgeDef Id="0:1435"><updateState>0:1435</updateState><isReversed>False</isReversed></NominalEdgeDef><NominalEdgeDef Id="0:1438"><updateState>0:1438</updateState><isReversed>False</isReversed></NominalEdgeDef><NominalEdgeDef Id="0:1445"><updateState>0:1445</updateState><isReversed>False</isReversed></NominalEdgeDef><NominalEdgeDef Id="0:1448"><updateState>0:1448</updateState><isReversed>False</isReversed></NominalEdgeDef><NominalFaceDef Id="0:1493"><updateState>0:3952</updateState></NominalFaceDef><NominalFaceDef Id="0:1499"><updateState>0:2206</updateState></NominalFaceDef><NominalEdgeDef Id="0:1512"><updateState>0:1537</updateState><isReversed>False</isReversed></NominalEdgeDef><NominalEdgeDef Id="0:1515"><updateState>0:1515</updateState><isReversed>False</isReversed></NominalEdgeDef><NominalEdgeDef Id="0:1518"><updateState>0:2187</updateState><isReversed>False</isReversed></NominalEdgeDef><NominalEdgeDef Id="0:1525"><updateState>0:1538</updateState><isReversed>False</isReversed></NominalEdgeDef><NominalEdgeDef Id="0:1528"><updateState>0:1528</updateState><isReversed>False</isReversed></NominalEdgeDef><NominalEdgeDef Id="0:1531"><updateState>0:2185</updateState><isReversed>False</isReversed></NominalEdgeDef><NominalFaceDef Id="0:2146"><updateState>0:2203</updateState></NominalFaceDef><NominalFaceDef Id="0:2149"><updateState>0:2205</updateState></NominalFaceDef><NominalEdgeDef Id="0:2152"><updateState>0:2152</updateState><isReversed>False</isReversed></NominalEdgeDef><NominalEdgeDef Id="0:2155"><updateState>0:2155</updateState><isReversed>False</isReversed></NominalEdgeDef><NominalEdgeDef Id="0:2158"><updateState>0:2158</updateState><isReversed>False</isReversed></NominalEdgeDef><NominalEdgeDef Id="0:2161"><updateState>0:2161</updateState><isReversed>False</isReversed></NominalEdgeDef><NominalEdgeDef Id="0:2165"><updateState>0:2165</updateState><isReversed>False</isReversed></NominalEdgeDef><NominalEdgeDef Id="0:2168"><updateState>0:2168</updateState><isReversed>False</isReversed></NominalEdgeDef><NominalEdgeDef Id="0:2175"><updateState>0:2175</updateState><isReversed>False</isReversed></NominalEdgeDef><NominalEdgeDef Id="0:2178"><updateState>0:2178</updateState><isReversed>False</isReversed></NominalEdgeDef><NominalFaceDef Id="0:3370"><updateState>0:3943</updateState></NominalFaceDef><NominalFaceDef Id="0:3376"><updateState>0:3945</updateState></NominalFaceDef><NominalFaceDef Id="0:3379"><updateState>0:3964</updateState></NominalFaceDef><NominalEdgeDef Id="0:3385"><updateState>0:3385</updateState><isReversed>False</isReversed></NominalEdgeDef><NominalEdgeDef Id="0:3388"><updateState>0:3388</updateState><isReversed>False</isReversed></NominalEdgeDef><NominalEdgeDef Id="0:3391"><updateState>0:3391</updateState><isReversed>False</isReversed></NominalEdgeDef><NominalEdgeDef Id="0:3407"><updateState>0:3939</updateState><isReversed>False</isReversed></NominalEdgeDef><NominalEdgeDef Id="0:3410"><updateState>0:3410</updateState><isReversed>False</isReversed></NominalEdgeDef><NominalEdgeDef Id="0:3417"><updateState>0:3436</updateState><isReversed>False</isReversed></NominalEdgeDef><NominalEdgeDef Id="0:3420"><updateState>0:3937</updateState><isReversed>False</isReversed></NominalEdgeDef><NominalEdgeDef Id="0:3427"><updateState>0:3438</updateState><isReversed>False</isReversed></NominalEdgeDef><NominalEdgeDef Id="0:3430"><updateState>0:3935</updateState><isReversed>False</isReversed></NominalEdgeDef><NominalFaceDef Id="0:3869"><updateState>0:3961</updateState></NominalFaceDef><NominalFaceDef Id="0:3872"><updateState>0:3962</updateState></NominalFaceDef><NominalFaceDef Id="0:3875"><updateState>0:3963</updateState></NominalFaceDef><NominalFaceDef Id="0:3878"><updateState>0:3960</updateState></NominalFaceDef><NominalEdgeDef Id="0:3881"><updateState>0:3881</updateState><isReversed>False</isReversed></NominalEdgeDef><NominalEdgeDef Id="0:3884"><updateState>0:3884</updateState><isReversed>False</isReversed></NominalEdgeDef><NominalEdgeDef Id="0:3887"><updateState>0:3887</updateState><isReversed>False</isReversed></NominalEdgeDef><NominalEdgeDef Id="0:3890"><updateState>0:3890</updateState><isReversed>False</isReversed></NominalEdgeDef><NominalEdgeDef Id="0:3894"><updateState>0:3933</updateState><isReversed>False</isReversed></NominalEdgeDef><NominalEdgeDef Id="0:3897"><updateState>0:3897</updateState><isReversed>False</isReversed></NominalEdgeDef><NominalEdgeDef Id="0:3904"><updateState>0:3904</updateState><isReversed>False</isReversed></NominalEdgeDef><NominalEdgeDef Id="0:3907"><updateState>0:3907</updateState><isReversed>False</isReversed></NominalEdgeDef><NominalEdgeDef Id="0:3914"><updateState>0:3914</updateState><isReversed>False</isReversed></NominalEdgeDef><NominalEdgeDef Id="0:3917"><updateState>0:3917</updateState><isReversed>False</isReversed></NominalEdgeDef><NominalEdgeDef Id="0:3924"><updateState>0:3924</updateState><isReversed>False</isReversed></NominalEdgeDef><NominalEdgeDef Id="0:3927"><updateState>0:3927</updateState><isReversed>False</isReversed></NominalEdgeDef><NominalFaceDef Id="0:4255"><updateState>0:4377</updateState></NominalFaceDef><NominalFaceDef Id="0:4258"><updateState>0:4387</updateState></NominalFaceDef><NominalFaceDef Id="0:4356"><updateState>0:4385</updateState></NominalFaceDef><NominalEdgeDef Id="0:4360"><updateState>0:4383</updateState><isReversed>False</isReversed></NominalEdgeDef><NominalEdgeDef Id="0:4363"><updateState>0:4363</updateState><isReversed>False</isReversed></NominalEdgeDef><NominalFaceDef Id="0:4414"><updateState>0:12485</updateState></NominalFaceDef><NominalFaceDef Id="0:4417"><updateState>0:12498</updateState></NominalFaceDef><NominalFaceDef Id="0:12420"><updateState>0:12495</updateState></NominalFaceDef><NominalFaceDef Id="0:12423"><updateState>0:12496</updateState></NominalFaceDef><NominalFaceDef Id="0:12426"><updateState>0:12497</updateState></NominalFaceDef><NominalFaceDef Id="0:12429"><updateState>0:12494</updateState></NominalFaceDef><NominalEdgeDef Id="0:12432"><updateState>0:12432</updateState><isReversed>False</isReversed></NominalEdgeDef><NominalEdgeDef Id="0:12435"><updateState>0:12435</updateState><isReversed>False</isReversed></NominalEdgeDef><NominalEdgeDef Id="0:12438"><updateState>0:12438</updateState><isReversed>False</isReversed></NominalEdgeDef><NominalEdgeDef Id="0:12441"><updateState>0:12441</updateState><isReversed>False</isReversed></NominalEdgeDef><NominalEdgeDef Id="0:12445"><updateState>0:12445</updateState><isReversed>False</isReversed></NominalEdgeDef><NominalEdgeDef Id="0:12448"><updateState>0:12448</updateState><isReversed>False</isReversed></NominalEdgeDef><NominalEdgeDef Id="0:12455"><updateState>0:12455</updateState><isReversed>False</isReversed></NominalEdgeDef><NominalEdgeDef Id="0:12458"><updateState>0:12458</updateState><isReversed>False</isReversed></NominalEdgeDef><NominalEdgeDef Id="0:12465"><updateState>0:12465</updateState><isReversed>False</isReversed></NominalEdgeDef><NominalEdgeDef Id="0:12468"><updateState>0:12468</updateState><isReversed>False</isReversed></NominalEdgeDef><NominalEdgeDef Id="0:12475"><updateState>0:12475</updateState><isReversed>False</isReversed></NominalEdgeDef><NominalEdgeDef Id="0:12478"><updateState>0:12478</updateState><isReversed>False</isReversed></NominalEdgeDef></NominalBodyDef></PartDef></Design><PresentationDef sectionId="595f79a0-e194-4d77-946d-55f551b8663a" Id="0:5" xmlns="urn:presentation"><updateState>0:637</updateState><nextLayerHue>270</nextLayerHue><decorationTableKeys /><decorationTableValues /><AttributeTableDef Id="0:6"><updateState>0:6</updateState><paths /><versionNumbers /><idRanges /><attributeIndex /><keys /><layerNames /><layerAttributes /><createdInVersion>310</createdInVersion></AttributeTableDef><LayerDef Id="0:9"><updateState>1:2</updateState><name>ﾚｲﾔ0</name><visible>True</visible><locked>False</locked><color>143, 175, 143</color><fillStyle>Opaque</fillStyle><lineStyleId sctype="SpaceClaim.SystemLineStyleId, Settings"><id>Solid</id></lineStyleId><lineWeight /></LayerDef><RootCaptionDef Id="0:11" xmlns="urn:nom"><updateState>0:12501</updateState><subjectId>0:2</subjectId><name>servo</name><description></description><type version="82">Normal</type><isNameLocked>True</isNameLocked></RootCaptionDef><CaptionDef Id="0:626"><updateState>0:626</updateState><subjectId>0:567</subjectId><name>Solid</name><description></description><type version="82">Mutable</type></CaptionDef></PresentationDef><DocumentSettingsDef sectionId="0ac8f8e0-608c-4b1e-a830-61e2a4bad599" Id="0:16" xmlns="urn:presentation"><updateState>0:22</updateState><topViewDirection>Z</topViewDirection><DocumentUnitsDef Id="0:17"><updateState>0:17</updateState><units><massFactor>1</massFactor><derivedDensity>True</derivedDensity><timeFactor>1</timeFactor><lengthProperties><type>MM</type><factor>1000</factor><symbolDisplay>True</symbolDisplay><annotationSymbolDisplay>True</annotationSymbolDisplay><trailingZeros>False</trailingZeros><symbol>mm</symbol><secondSymbol>""</secondSymbol><fractionSeparator> </fractionSeparator><decimalPlaces>3</decimalPlaces><largestDenominator>0</largestDenominator><minorsInMajor>10</minorsInMajor><minorTickInterval>0.001</minorTickInterval><angularPrecision>1</angularPrecision><angularTrailingZeros>False</angularTrailingZeros></lengthProperties><angleFactor>57.295779513082323</angleFactor><textHeightUnits>MM</textHeightUnits><newMassSymbol>g</newMassSymbol><newMassType>GRAMS</newMassType><newMassFactor>1000</newMassFactor><dualDimensionDisplay>False</dualDimensionDisplay><extendedInformationDisplay>None</extendedInformationDisplay><nearestFractionLargestDenominator>16</nearestFractionLargestDenominator><showNearestFromBothSides>False</showNearestFromBothSides><useTightTolerance>False</useTightTolerance><densityProperties><massType>GRAMS</massType><lengthType>MM</lengthType><massSymbol>g</massSymbol><lengthSymbol>mm</lengthSymbol><massFactor>1000</massFactor><lengthFactor>1000</lengthFactor></densityProperties><angularUnits>Degrees</angularUnits></units><alternateUnits><massFactor>1</massFactor><derivedDensity>True</derivedDensity><timeFactor>1</timeFactor><lengthProperties><type>INCHES</type><factor>39.370078740157481</factor><symbolDisplay>True</symbolDisplay><annotationSymbolDisplay>True</annotationSymbolDisplay><trailingZeros>True</trailingZeros><symbol>in</symbol><secondSymbol>in</secondSymbol><fractionSeparator>-</fractionSeparator><decimalPlaces>3</decimalPlaces><largestDenominator>0</largestDenominator><minorsInMajor>8</minorsInMajor><minorTickInterval>0.003175</minorTickInterval><angularPrecision>1</angularPrecision><angularTrailingZeros>False</angularTrailingZeros></lengthProperties><angleFactor>57.295779513082323</angleFactor><textHeightUnits>INCHES</textHeightUnits><newMassSymbol>lb</newMassSymbol><newMassType>POUNDS</newMassType><newMassFactor>2.20462</newMassFactor><dualDimensionDisplay>False</dualDimensionDisplay><extendedInformationDisplay>None</extendedInformationDisplay><nearestFractionLargestDenominator>16</nearestFractionLargestDenominator><showNearestFromBothSides>False</showNearestFromBothSides><useTightTolerance>False</useTightTolerance><densityProperties><massType>POUNDS</massType><lengthType>INCHES</lengthType><massSymbol>lb</massSymbol><lengthSymbol>in</lengthSymbol><massFactor>2.20462</massFactor><lengthFactor>39.370078740157481</lengthFactor></densityProperties><angularUnits>Degrees</angularUnits></alternateUnits><unitsSecondary><massFactor>1</massFactor><derivedDensity>True</derivedDensity><timeFactor>1</timeFactor><lengthProperties><type>INCHES</type><factor>39.370078740157481</factor><symbolDisplay>True</symbolDisplay><annotationSymbolDisplay>False</annotationSymbolDisplay><trailingZeros>True</trailingZeros><symbol>in</symbol><secondSymbol></secondSymbol><fractionSeparator></fractionSeparator><decimalPlaces>3</decimalPlaces><largestDenominator>0</largestDenominator><minorsInMajor>10</minorsInMajor><minorTickInterval>0.0025399999999999997</minorTickInterval><angularPrecision>1</angularPrecision><angularTrailingZeros>False</angularTrailingZeros></lengthProperties><angleFactor>57.295779513082323</angleFactor><textHeightUnits>INCHES</textHeightUnits><newMassSymbol>lb</newMassSymbol><newMassType>POUNDS</newMassType><newMassFactor>2.20462</newMassFactor><dualDimensionDisplay>False</dualDimensionDisplay><extendedInformationDisplay>None</extendedInformationDisplay><nearestFractionLargestDenominator>16</nearestFractionLargestDenominator><showNearestFromBothSides>False</showNearestFromBothSides><useTightTolerance>False</useTightTolerance><densityProperties><massType>OUNCES</massType><lengthType>INCHES</lengthType><massSymbol>oz</massSymbol><lengthSymbol>in</lengthSymbol><massFactor>35.27392</massFactor><lengthFactor>39.370078740157481</lengthFactor></densityProperties><angularUnits>Degrees</angularUnits></unitsSecondary><alternateUnitsSecondary><massFactor>1</massFactor><derivedDensity>True</derivedDensity><timeFactor>1</timeFactor><lengthProperties><type>MM</type><factor>1000</factor><symbolDisplay>True</symbolDisplay><annotationSymbolDisplay>False</annotationSymbolDisplay><trailingZeros>False</trailingZeros><symbol>mm</symbol><secondSymbol></secondSymbol><fractionSeparator></fractionSeparator><decimalPlaces>3</decimalPlaces><largestDenominator>0</largestDenominator><minorsInMajor>10</minorsInMajor><minorTickInterval>0.0001</minorTickInterval><angularPrecision>1</angularPrecision><angularTrailingZeros>False</angularTrailingZeros></lengthProperties><angleFactor>57.295779513082323</angleFactor><textHeightUnits>MM</textHeightUnits><newMassSymbol>kg</newMassSymbol><newMassType>KILOGRAMS</newMassType><newMassFactor>1</newMassFactor><dualDimensionDisplay>False</dualDimensionDisplay><extendedInformationDisplay>None</extendedInformationDisplay><nearestFractionLargestDenominator>16</nearestFractionLargestDenominator><showNearestFromBothSides>False</showNearestFromBothSides><useTightTolerance>False</useTightTolerance><densityProperties><massType>GRAMS</massType><lengthType>CM</lengthType><massSymbol>g</massSymbol><lengthSymbol>cm</lengthSymbol><massFactor>1000</massFactor><lengthFactor>100</lengthFactor></densityProperties><angularUnits>Degrees</angularUnits></alternateUnitsSecondary></DocumentUnitsDef><DocumentDetailSettingsDef Id="0:19"><updateState>0:19</updateState><settings><defaultViewProjection>ThirdAngle</defaultViewProjection><defaultViewLayout>BottomLeft</defaultViewLayout><sectionLineArrowSize>0.0028</sectionLineArrowSize><sectionLineLength>0.014</sectionLineLength><leaderCircleSize>0.0009</leaderCircleSize><leaderArrowLength>0.0025</leaderArrowLength><leaderArrowWidth>0.0006</leaderArrowWidth><defaultLeaderShoulderLength>0.00564444444</defaultLeaderShoulderLength><leaderTextBoxGap>0.00141111111</leaderTextBoxGap><defaultFillStyle>Filled</defaultFillStyle><enforceDimensionLine>False</enforceDimensionLine><dimensionTextIsHorizontal>True</dimensionTextIsHorizontal><defaultDimensionTextLocation>MiddleOfTopLine</defaultDimensionTextLocation><tightDimensionTextDistance>False</tightDimensionTextDistance><dimensionTextOffset>0</dimensionTextOffset><defaultGtolFontName>SpaceClaim ASME CB</defaultGtolFontName><extensionLineGap>0.001</extensionLineGap><extensionLineExtend>0.002</extensionLineExtend><dimensionLineExtend>0.006</dimensionLineExtend><annotationCreationColor>Black</annotationCreationColor><detailViewClippedEdgesColor>Black</detailViewClippedEdgesColor><brokenViewClippedEdgesColor>Black</brokenViewClippedEdgesColor><defaultToleranceVerticalPosition>Middle</defaultToleranceVerticalPosition><fractionalScaleDivider>:</fractionalScaleDivider><minimumDefaultHatchSpacing>0.0007</minimumDefaultHatchSpacing><maximumDefaultHatchSpacing>0.02</maximumDefaultHatchSpacing><detailViewBoundaryRendering>PhantomThin</detailViewBoundaryRendering><detailViewNoteLayout>TwoLines</detailViewNoteLayout><crossSectionArrowsRendering>PhantomThick</crossSectionArrowsRendering><detailViewNoteScaleText>SCALE</detailViewNoteScaleText><detailViewNoteDetailText>DETAIL</detailViewNoteDetailText><defaultTextHeight>0.0035</defaultTextHeight><detailViewNameTextHeightRatio>1.4</detailViewNameTextHeightRatio><detailViewNotePlacement>Centered</detailViewNotePlacement><crossSectionArrowOutwardDistance>0</crossSectionArrowOutwardDistance><crossSectionArrowPenetrationDistance>0.0075</crossSectionArrowPenetrationDistance><crossSectionArrowDirectionDisplayStyle>From</crossSectionArrowDirectionDisplayStyle><defaultSectionNameNotePrefix>SECTION</defaultSectionNameNotePrefix><defaultThickLineWeight>0.0007</defaultThickLineWeight><defaultThinLineWeight>0.00035</defaultThinLineWeight><defaultMediumLineWeight>0.000525</defaultMediumLineWeight><defaultDetailViewClippedEdgeExtent>0</defaultDetailViewClippedEdgeExtent><defaultBrokenViewClippedEdgeExtent>0</defaultBrokenViewClippedEdgeExtent><defaultForeshortenedCenterSize>0.004</defaultForeshortenedCenterSize><useThickLineWeightForAreaCrossSectionBorderLines>True</useThickLineWeightForAreaCrossSectionBorderLines><threadDisplayStandard>AsmeSimplified</threadDisplayStandard><centerLinesExtend>0.003</centerLinesExtend><crossSectionArrowLineWeight>THICK</crossSectionArrowLineWeight><detailViewBoundaryLineWeight>THIN</detailViewBoundaryLineWeight><virtualSharpRendering>None</virtualSharpRendering><centermarkCrossRadius>0</centermarkCrossRadius><defaultDimensionArrowShape>Arrow</defaultDimensionArrowShape><ordinateDimsShowZeroBaseline>True</ordinateDimsShowZeroBaseline><ordinateDimsDimensionLineAndTextOrientation>HideCommonDimensionLineTextVertical</ordinateDimsDimensionLineAndTextOrientation><datumSymbolAttachment>Triangle</datumSymbolAttachment><datumSymbolFrame>Rectangular</datumSymbolFrame><isTrimBackProportional>False</isTrimBackProportional><showConstructionCurvesOffPlane>True</showConstructionCurvesOffPlane><threadDiameterDimensionDesignationTextOption>Never</threadDiameterDimensionDesignationTextOption><datumCalloutTextHeightRatio>3.5</datumCalloutTextHeightRatio><datumTargetPointSize>0.00494975</datumTargetPointSize><datumTargetHatchSpacing>0.001</datumTargetHatchSpacing><datumTargetHatchAngle>0.78539816339744828</datumTargetHatchAngle><datumCalloutLeaderShape>None</datumCalloutLeaderShape><datumTargetLineShowEndPoints>True</datumTargetLineShowEndPoints><weldingSymbolStandard>AWS</weldingSymbolStandard><hideAnnotationsBehindModel>False</hideAnnotationsBehindModel><projectionArrowsStyle>Double</projectionArrowsStyle><chamferDimensionStyle>Linear</chamferDimensionStyle><chamferDimensionTextStyle>X45</chamferDimensionTextStyle><showNotesForProjectedViews>False</showNotesForProjectedViews><showNotesForAuxiliaryViews>False</showNotesForAuxiliaryViews><projectedViewLabelPrefix>VIEW</projectedViewLabelPrefix><auxiliaryViewLabelPrefix>VIEW</auxiliaryViewLabelPrefix><showProjectedViewArrows>False</showProjectedViewArrows><showAuxiliaryViewArrows>False</showAuxiliaryViewArrows><projectionArrowLength>0.014</projectionArrowLength><assignmentArray><item><key>Annotation</key><value><linestyleId>Solid</linestyleId><lineWeight>THIN</lineWeight></value></item><item><key>AreaCrossHatchingBorderLines</key><value><linestyleId>Solid</linestyleId><lineWeight>THICK</lineWeight></value></item><item><key>BrokenOutSectionClippingEdges</key><value><linestyleId>Solid</linestyleId><lineWeight>THIN</lineWeight></value></item><item><key>BrokenViewClippingEdges</key><value><linestyleId>Solid</linestyleId><lineWeight>THIN</lineWeight></value></item><item><key>CenterLines</key><value><linestyleId>LongDashDotted</linestyleId><lineWeight>THIN</lineWeight></value></item><item><key>CrossHatching</key><value><linestyleId>Solid</linestyleId><lineWeight>THIN</lineWeight></value></item><item><key>CrossHatchingBorderLines</key><value><linestyleId>Solid</linestyleId><lineWeight>THICK</lineWeight></value></item><item><key>CrossSectionCutLineTips</key><value><linestyleId>Solid</linestyleId><lineWeight>THICK</lineWeight></value></item><item><key>DatumTargetAreaBorder</key><value><linestyleId>LongDashDoubleDotted</linestyleId><lineWeight>THIN</lineWeight></value></item><item><key>DatumTargetLine</key><value><linestyleId>LongDashDoubleDotted</linestyleId><lineWeight>THIN</lineWeight></value></item><item><key>DetailViewClippingEdges</key><value><linestyleId>Solid</linestyleId><lineWeight>THICK</lineWeight></value></item><item><key>DrawingHiddenEdges</key><value><linestyleId>Dash</linestyleId><lineWeight>THIN</lineWeight></value></item><item><key>DrawingVisibleEdges</key><value><linestyleId>Solid</linestyleId><lineWeight>THICK</lineWeight></value></item><item><key>ProjectionArrowTipsType</key><value><linestyleId>Solid</linestyleId><lineWeight>THICK</lineWeight></value></item><item><key>ProjectionArrowType</key><value><linestyleId>LongDashDotted</linestyleId><lineWeight>THICK</lineWeight></value></item></assignmentArray></settings></DocumentDetailSettingsDef></DocumentSettingsDef></Document>