﻿<?xml version="1.0" encoding="utf-8"?><Document version="1.310" xmlns:xsi="http://www.w3.org/2001/XMLSchema-instance" xmlns="urn:core"><nextId>21703</nextId><isNotCompletable>False</isNotCompletable><importSource></importSource><importPath></importPath><importComponentName></importComponentName><importTimestamp></importTimestamp><loadTime>0</loadTime><originalToReplacements_Keys><item><versionIndex>0</versionIndex><id>45</id></item><item><versionIndex>0</versionIndex><id>50</id></item><item><versionIndex>0</versionIndex><id>53</id></item><item><versionIndex>0</versionIndex><id>1032</id></item><item><versionIndex>0</versionIndex><id>1057</id></item><item><versionIndex>0</versionIndex><id>1072</id></item><item><versionIndex>0</versionIndex><id>1035</id></item><item><versionIndex>0</versionIndex><id>1352</id></item><item><versionIndex>0</versionIndex><id>1348</id></item><item><versionIndex>0</versionIndex><id>1345</id></item><item><versionIndex>0</versionIndex><id>1342</id></item><item><versionIndex>0</versionIndex><id>1339</id></item><item><versionIndex>0</versionIndex><id>7967</id></item><item><versionIndex>0</versionIndex><id>7958</id></item><item><versionIndex>0</versionIndex><id>7961</id></item><item><versionIndex>0</versionIndex><id>7964</id></item><item><versionIndex>0</versionIndex><id>7976</id></item><item><versionIndex>0</versionIndex><id>7982</id></item><item><versionIndex>0</versionIndex><id>7979</id></item><item><versionIndex>0</versionIndex><id>7973</id></item><item><versionIndex>0</versionIndex><id>7970</id></item><item><versionIndex>0</versionIndex><id>7937</id></item><item><versionIndex>0</versionIndex><id>8822</id></item><item><versionIndex>0</versionIndex><id>8832</id></item><item><versionIndex>0</versionIndex><id>8812</id></item><item><versionIndex>0</versionIndex><id>8802</id></item><item><versionIndex>0</versionIndex><id>12998</id></item><item><versionIndex>0</versionIndex><id>1063</id></item><item><versionIndex>0</versionIndex><id>1171</id></item><item><versionIndex>0</versionIndex><id>1038</id></item><item><versionIndex>0</versionIndex><id>15448</id></item><item><versionIndex>0</versionIndex><id>15445</id></item><item><versionIndex>0</versionIndex><id>15442</id></item><item><versionIndex>0</versionIndex><id>15439</id></item><item><versionIndex>0</versionIndex><id>15530</id></item><item><versionIndex>0</versionIndex><id>15524</id></item><item><versionIndex>0</versionIndex><id>15527</id></item><item><versionIndex>0</versionIndex><id>15521</id></item></originalToReplacements_Keys><originalToReplacements_Values><item><item><versionIndex>0</versionIndex><id>53</id></item></item><item><item><versionIndex>0</versionIndex><id>1035</id></item></item><item><item><versionIndex>0</versionIndex><id>1041</id></item></item><item><item><versionIndex>0</versionIndex><id>1063</id></item><item><versionIndex>0</versionIndex><id>1066</id></item></item><item><item><versionIndex>0</versionIndex><id>1072</id></item></item><item><item><versionIndex>0</versionIndex><id>1168</id></item><item><versionIndex>0</versionIndex><id>1171</id></item></item><item><item><versionIndex>0</versionIndex><id>7937</id></item><item><versionIndex>0</versionIndex><id>7940</id></item><item><versionIndex>0</versionIndex><id>7943</id></item><item><versionIndex>0</versionIndex><id>7946</id></item><item><versionIndex>0</versionIndex><id>7949</id></item><item><versionIndex>0</versionIndex><id>7952</id></item></item><item><item><versionIndex>0</versionIndex><id>7970</id></item><item><versionIndex>0</versionIndex><id>7973</id></item><item><versionIndex>0</versionIndex><id>7976</id></item><item><versionIndex>0</versionIndex><id>7979</id></item><item><versionIndex>0</versionIndex><id>7982</id></item></item><item><item><versionIndex>0</versionIndex><id>7967</id></item></item><item><item><versionIndex>0</versionIndex><id>7964</id></item></item><item><item><versionIndex>0</versionIndex><id>7961</id></item></item><item><item><versionIndex>0</versionIndex><id>7958</id></item></item><item><item><versionIndex>0</versionIndex><id>8802</id></item><item><versionIndex>0</versionIndex><id>8805</id></item></item><item><item><versionIndex>0</versionIndex><id>8812</id></item><item><versionIndex>0</versionIndex><id>8815</id></item></item><item><item><versionIndex>0</versionIndex><id>8822</id></item><item><versionIndex>0</versionIndex><id>8825</id></item></item><item><item><versionIndex>0</versionIndex><id>8832</id></item><item><versionIndex>0</versionIndex><id>8835</id></item></item><item><item><versionIndex>0</versionIndex><id>12019</id></item><item><versionIndex>0</versionIndex><id>12022</id></item></item><item><item><versionIndex>0</versionIndex><id>12496</id></item><item><versionIndex>0</versionIndex><id>12499</id></item></item><item><item><versionIndex>0</versionIndex><id>12506</id></item><item><versionIndex>0</versionIndex><id>12509</id></item></item><item><item><versionIndex>0</versionIndex><id>12683</id></item><item><versionIndex>0</versionIndex><id>12686</id></item></item><item><item><versionIndex>0</versionIndex><id>12966</id></item><item><versionIndex>0</versionIndex><id>12969</id></item></item><item><item><versionIndex>0</versionIndex><id>13007</id></item><item><versionIndex>0</versionIndex><id>13010</id></item><item><versionIndex>0</versionIndex><id>13013</id></item><item><versionIndex>0</versionIndex><id>13016</id></item></item><item><item><versionIndex>0</versionIndex><id>13035</id></item><item><versionIndex>0</versionIndex><id>13038</id></item></item><item><item><versionIndex>0</versionIndex><id>13045</id></item><item><versionIndex>0</versionIndex><id>13048</id></item></item><item><item><versionIndex>0</versionIndex><id>13055</id></item><item><versionIndex>0</versionIndex><id>13058</id></item></item><item><item><versionIndex>0</versionIndex><id>13065</id></item><item><versionIndex>0</versionIndex><id>13068</id></item></item><item><item><versionIndex>0</versionIndex><id>13022</id></item><item><versionIndex>0</versionIndex><id>13025</id></item><item><versionIndex>0</versionIndex><id>13028</id></item><item><versionIndex>0</versionIndex><id>13031</id></item></item><item><item><versionIndex>0</versionIndex><id>15506</id></item><item><versionIndex>0</versionIndex><id>15509</id></item><item><versionIndex>0</versionIndex><id>15512</id></item><item><versionIndex>0</versionIndex><id>15515</id></item></item><item><item><versionIndex>0</versionIndex><id>15537</id></item><item><versionIndex>0</versionIndex><id>15540</id></item><item><versionIndex>0</versionIndex><id>15543</id></item><item><versionIndex>0</versionIndex><id>15546</id></item></item><item><item><versionIndex>0</versionIndex><id>15556</id></item><item><versionIndex>0</versionIndex><id>15559</id></item><item><versionIndex>0</versionIndex><id>15562</id></item><item><versionIndex>0</versionIndex><id>15565</id></item></item><item><item><versionIndex>0</versionIndex><id>15486</id></item></item><item><item><versionIndex>0</versionIndex><id>15495</id></item><item><versionIndex>0</versionIndex><id>15483</id></item><item><versionIndex>0</versionIndex><id>15471</id></item><item><versionIndex>0</versionIndex><id>15527</id></item><item><versionIndex>0</versionIndex><id>15530</id></item></item><item><item><versionIndex>0</versionIndex><id>15480</id></item></item><item><item><versionIndex>0</versionIndex><id>15489</id></item><item><versionIndex>0</versionIndex><id>15477</id></item><item><versionIndex>0</versionIndex><id>15465</id></item><item><versionIndex>0</versionIndex><id>15521</id></item><item><versionIndex>0</versionIndex><id>15524</id></item></item><item><item><versionIndex>0</versionIndex><id>20979</id></item><item><versionIndex>0</versionIndex><id>20982</id></item></item><item><item><versionIndex>0</versionIndex><id>20989</id></item><item><versionIndex>0</versionIndex><id>20992</id></item></item><item><item><versionIndex>0</versionIndex><id>21600</id></item><item><versionIndex>0</versionIndex><id>21603</id></item></item><item><item><versionIndex>0</versionIndex><id>21610</id></item><item><versionIndex>0</versionIndex><id>21613</id></item></item></originalToReplacements_Values><monikerOriginalToReplacements_Keys /><monikerOriginalToReplacements_Values /><locked>False</locked><EncryptedData Type="http://www.w3.org/2001/04/xmlenc#Element" xmlns="http://www.w3.org/2001/04/xmlenc#"><CipherData><CipherValue>uuLQpjL2dkqHcNTUcUzGkh+kokEm3i8IJ/7Q4/78OHc=</CipherValue></CipherData></EncryptedData><Design sectionId="6ab505a9-1afc-4b43-a7db-eb0258edde3e" Id="0:1" xmlns="urn:nom"><updateState>0:3</updateState><nextId>1</nextId><PartDef Id="0:2"><updateState>0:21693</updateState><patternBase /><defaultEdgeTreatment sctype="SpaceClaim.BasicMoniker`1[[SpaceClaim.IDefaultEdgeTreatment, Nom]], Core" refId="a6d0e2ba-f632-4a76-8770-d4d4714cc692:13" /><materialId>0:0</materialId><type>Normal</type><shareTopology>False</shareTopology><mergeTopology>False</mergeTopology><DefaultEdgeTreatmentDef Id="0:13"><updateState>0:13</updateState><blendRadius>0</blendRadius></DefaultEdgeTreatmentDef><PartSketchCurveContainerDef Id="0:43" xmlns="urn:sketch"><updateState>0:15611</updateState><isDrafting>False</isDrafting></PartSketchCurveContainerDef><NominalBodyDef Id="0:1027"><updateState>0:21645</updateState><layerId>0:9</layerId><type>Solid</type><renderingStyle>Plastic</renderingStyle><fillStyle>Opaque</fillStyle><materialId>0:0</materialId><modificationLock>None</modificationLock><finishStyle>MediumGloss</finishStyle><NominalFaceDef Id="0:1029"><updateState>0:21641</updateState></NominalFaceDef><NominalEdgeDef Id="0:1041"><updateState>0:1041</updateState><isReversed>False</isReversed></NominalEdgeDef><NominalFaceDef Id="0:1066"><updateState>0:15319</updateState></NominalFaceDef><NominalFaceDef Id="0:1164"><updateState>0:21640</updateState></NominalFaceDef><NominalEdgeDef Id="0:1168"><updateState>0:1177</updateState><isReversed>False</isReversed></NominalEdgeDef><NominalFaceDef Id="0:7940"><updateState>0:12996</updateState></NominalFaceDef><NominalFaceDef Id="0:7943"><updateState>0:12531</updateState></NominalFaceDef><NominalFaceDef Id="0:7946"><updateState>0:12054</updateState></NominalFaceDef><NominalFaceDef Id="0:7949"><updateState>0:12706</updateState></NominalFaceDef><NominalFaceDef Id="0:7952"><updateState>0:12992</updateState></NominalFaceDef><NominalFaceDef Id="0:8777"><updateState>0:15312</updateState></NominalFaceDef><NominalFaceDef Id="0:8780"><updateState>0:15314</updateState></NominalFaceDef><NominalFaceDef Id="0:8783"><updateState>0:15308</updateState></NominalFaceDef><NominalFaceDef Id="0:8786"><updateState>0:15310</updateState></NominalFaceDef><NominalEdgeDef Id="0:8789"><updateState>0:12700</updateState><isReversed>False</isReversed></NominalEdgeDef><NominalEdgeDef Id="0:8792"><updateState>0:12031</updateState><isReversed>False</isReversed></NominalEdgeDef><NominalEdgeDef Id="0:8795"><updateState>0:12033</updateState><isReversed>False</isReversed></NominalEdgeDef><NominalEdgeDef Id="0:8798"><updateState>0:12524</updateState><isReversed>False</isReversed></NominalEdgeDef><NominalEdgeDef Id="0:8805"><updateState>0:12698</updateState><isReversed>False</isReversed></NominalEdgeDef><NominalEdgeDef Id="0:8815"><updateState>0:12029</updateState><isReversed>False</isReversed></NominalEdgeDef><NominalEdgeDef Id="0:8825"><updateState>0:12521</updateState><isReversed>False</isReversed></NominalEdgeDef><NominalEdgeDef Id="0:8835"><updateState>0:12985</updateState><isReversed>False</isReversed></NominalEdgeDef><NominalFaceDef Id="0:12009"><updateState>0:12995</updateState></NominalFaceDef><NominalEdgeDef Id="0:12019"><updateState>0:12019</updateState><isReversed>False</isReversed></NominalEdgeDef><NominalEdgeDef Id="0:12022"><updateState>0:12022</updateState><isReversed>False</isReversed></NominalEdgeDef><NominalEdgeDef Id="0:12496"><updateState>0:12519</updateState><isReversed>False</isReversed></NominalEdgeDef><NominalEdgeDef Id="0:12499"><updateState>0:12499</updateState><isReversed>False</isReversed></NominalEdgeDef><NominalEdgeDef Id="0:12506"><updateState>0:12522</updateState><isReversed>False</isReversed></NominalEdgeDef><NominalEdgeDef Id="0:12509"><updateState>0:12509</updateState><isReversed>False</isReversed></NominalEdgeDef><NominalEdgeDef Id="0:12683"><updateState>0:12696</updateState><isReversed>False</isReversed></NominalEdgeDef><NominalEdgeDef Id="0:12686"><updateState>0:12686</updateState><isReversed>False</isReversed></NominalEdgeDef><NominalEdgeDef Id="0:12966"><updateState>0:12983</updateState><isReversed>False</isReversed></NominalEdgeDef><NominalEdgeDef Id="0:12969"><updateState>0:12969</updateState><isReversed>False</isReversed></NominalEdgeDef><NominalFaceDef Id="0:13007"><updateState>0:15300</updateState></NominalFaceDef><NominalFaceDef Id="0:13010"><updateState>0:15302</updateState></NominalFaceDef><NominalFaceDef Id="0:13013"><updateState>0:15304</updateState></NominalFaceDef><NominalFaceDef Id="0:13016"><updateState>0:15306</updateState></NominalFaceDef><NominalEdgeDef Id="0:13022"><updateState>0:15290</updateState><isReversed>False</isReversed></NominalEdgeDef><NominalEdgeDef Id="0:13025"><updateState>0:15286</updateState><isReversed>False</isReversed></NominalEdgeDef><NominalEdgeDef Id="0:13028"><updateState>0:15282</updateState><isReversed>False</isReversed></NominalEdgeDef><NominalEdgeDef Id="0:13031"><updateState>0:15278</updateState><isReversed>False</isReversed></NominalEdgeDef><NominalEdgeDef Id="0:13035"><updateState>0:13076</updateState><isReversed>False</isReversed></NominalEdgeDef><NominalEdgeDef Id="0:13038"><updateState>0:15292</updateState><isReversed>False</isReversed></NominalEdgeDef><NominalEdgeDef Id="0:13045"><updateState>0:15294</updateState><isReversed>False</isReversed></NominalEdgeDef><NominalEdgeDef Id="0:13048"><updateState>0:13048</updateState><isReversed>False</isReversed></NominalEdgeDef><NominalEdgeDef Id="0:13055"><updateState>0:15298</updateState><isReversed>False</isReversed></NominalEdgeDef><NominalEdgeDef Id="0:13058"><updateState>0:13079</updateState><isReversed>False</isReversed></NominalEdgeDef><NominalEdgeDef Id="0:13065"><updateState>0:15296</updateState><isReversed>False</isReversed></NominalEdgeDef><NominalEdgeDef Id="0:13068"><updateState>0:13078</updateState><isReversed>False</isReversed></NominalEdgeDef><NominalFaceDef Id="0:15261"><updateState>0:15320</updateState></NominalFaceDef><NominalEdgeDef Id="0:15272"><updateState>0:15272</updateState><isReversed>False</isReversed></NominalEdgeDef><NominalFaceDef Id="0:15506"><updateState>0:21021</updateState></NominalFaceDef><NominalFaceDef Id="0:15509"><updateState>0:21644</updateState></NominalFaceDef><NominalFaceDef Id="0:15512"><updateState>0:21643</updateState></NominalFaceDef><NominalFaceDef Id="0:15515"><updateState>0:21634</updateState></NominalFaceDef><NominalEdgeDef Id="0:15537"><updateState>0:21000</updateState><isReversed>False</isReversed></NominalEdgeDef><NominalEdgeDef Id="0:15540"><updateState>0:15540</updateState><isReversed>False</isReversed></NominalEdgeDef><NominalEdgeDef Id="0:15543"><updateState>0:21624</updateState><isReversed>False</isReversed></NominalEdgeDef><NominalEdgeDef Id="0:15546"><updateState>0:21007</updateState><isReversed>False</isReversed></NominalEdgeDef><NominalEdgeDef Id="0:15556"><updateState>0:15556</updateState><isReversed>False</isReversed></NominalEdgeDef><NominalEdgeDef Id="0:15559"><updateState>0:21621</updateState><isReversed>False</isReversed></NominalEdgeDef><NominalEdgeDef Id="0:15562"><updateState>0:21005</updateState><isReversed>False</isReversed></NominalEdgeDef><NominalEdgeDef Id="0:15565"><updateState>0:21003</updateState><isReversed>False</isReversed></NominalEdgeDef><NominalFaceDef Id="0:20960"><updateState>0:21028</updateState></NominalFaceDef><NominalFaceDef Id="0:20963"><updateState>0:21031</updateState></NominalFaceDef><NominalEdgeDef Id="0:20966"><updateState>0:20966</updateState><isReversed>False</isReversed></NominalEdgeDef><NominalEdgeDef Id="0:20969"><updateState>0:20969</updateState><isReversed>False</isReversed></NominalEdgeDef><NominalEdgeDef Id="0:20972"><updateState>0:20972</updateState><isReversed>False</isReversed></NominalEdgeDef><NominalEdgeDef Id="0:20975"><updateState>0:20975</updateState><isReversed>False</isReversed></NominalEdgeDef><NominalEdgeDef Id="0:20979"><updateState>0:20998</updateState><isReversed>False</isReversed></NominalEdgeDef><NominalEdgeDef Id="0:20982"><updateState>0:20982</updateState><isReversed>False</isReversed></NominalEdgeDef><NominalEdgeDef Id="0:20989"><updateState>0:21001</updateState><isReversed>False</isReversed></NominalEdgeDef><NominalEdgeDef Id="0:20992"><updateState>0:20992</updateState><isReversed>False</isReversed></NominalEdgeDef><NominalFaceDef Id="0:21581"><updateState>0:21639</updateState></NominalFaceDef><NominalFaceDef Id="0:21584"><updateState>0:21642</updateState></NominalFaceDef><NominalEdgeDef Id="0:21587"><updateState>0:21587</updateState><isReversed>False</isReversed></NominalEdgeDef><NominalEdgeDef Id="0:21590"><updateState>0:21590</updateState><isReversed>False</isReversed></NominalEdgeDef><NominalEdgeDef Id="0:21593"><updateState>0:21593</updateState><isReversed>False</isReversed></NominalEdgeDef><NominalEdgeDef Id="0:21596"><updateState>0:21596</updateState><isReversed>False</isReversed></NominalEdgeDef><NominalEdgeDef Id="0:21600"><updateState>0:21619</updateState><isReversed>False</isReversed></NominalEdgeDef><NominalEdgeDef Id="0:21603"><updateState>0:21603</updateState><isReversed>False</isReversed></NominalEdgeDef><NominalEdgeDef Id="0:21610"><updateState>0:21622</updateState><isReversed>False</isReversed></NominalEdgeDef><NominalEdgeDef Id="0:21613"><updateState>0:21613</updateState><isReversed>False</isReversed></NominalEdgeDef></NominalBodyDef></PartDef></Design><PresentationDef sectionId="595f79a0-e194-4d77-946d-55f551b8663a" Id="0:5" xmlns="urn:presentation"><updateState>0:21701</updateState><nextLayerHue>270</nextLayerHue><decorationTableKeys /><decorationTableValues /><AttributeTableDef Id="0:6"><updateState>0:6</updateState><paths /><versionNumbers /><idRanges /><attributeIndex /><keys /><layerNames /><layerAttributes /><createdInVersion>310</createdInVersion></AttributeTableDef><LayerDef Id="0:9"><updateState>0:9</updateState><name>ﾚｲﾔ0</name><visible>True</visible><locked>False</locked><color>143, 175, 143</color><fillStyle>Opaque</fillStyle><lineWeight /></LayerDef><RootCaptionDef Id="0:11" xmlns="urn:nom"><updateState>0:11</updateState><subjectId>0:2</subjectId><name>Design1</name><description></description><type version="82">Normal</type><isNameLocked>True</isNameLocked></RootCaptionDef><CaptionDef Id="0:1047"><updateState>0:1047</updateState><subjectId>0:1027</subjectId><name>Solid</name><description></description><type version="82">Mutable</type></CaptionDef></PresentationDef><DocumentSettingsDef sectionId="0ac8f8e0-608c-4b1e-a830-61e2a4bad599" Id="0:16" xmlns="urn:presentation"><updateState>0:22</updateState><topViewDirection>Z</topViewDirection><DocumentUnitsDef Id="0:17"><updateState>0:17</updateState><units><massFactor>1</massFactor><derivedDensity>True</derivedDensity><timeFactor>1</timeFactor><lengthProperties><type>MM</type><factor>1000</factor><symbolDisplay>True</symbolDisplay><annotationSymbolDisplay>True</annotationSymbolDisplay><trailingZeros>False</trailingZeros><symbol>mm</symbol><secondSymbol>""</secondSymbol><fractionSeparator> </fractionSeparator><decimalPlaces>3</decimalPlaces><largestDenominator>0</largestDenominator><minorsInMajor>10</minorsInMajor><minorTickInterval>0.001</minorTickInterval><angularPrecision>1</angularPrecision><angularTrailingZeros>False</angularTrailingZeros></lengthProperties><angleFactor>57.295779513082323</angleFactor><textHeightUnits>MM</textHeightUnits><newMassSymbol>g</newMassSymbol><newMassType>GRAMS</newMassType><newMassFactor>1000</newMassFactor><dualDimensionDisplay>False</dualDimensionDisplay><extendedInformationDisplay>None</extendedInformationDisplay><nearestFractionLargestDenominator>16</nearestFractionLargestDenominator><showNearestFromBothSides>False</showNearestFromBothSides><useTightTolerance>False</useTightTolerance><densityProperties><massType>GRAMS</massType><lengthType>MM</lengthType><massSymbol>g</massSymbol><lengthSymbol>mm</lengthSymbol><massFactor>1000</massFactor><lengthFactor>1000</lengthFactor></densityProperties><angularUnits>Degrees</angularUnits></units><alternateUnits><massFactor>1</massFactor><derivedDensity>True</derivedDensity><timeFactor>1</timeFactor><lengthProperties><type>INCHES</type><factor>39.370078740157481</factor><symbolDisplay>True</symbolDisplay><annotationSymbolDisplay>True</annotationSymbolDisplay><trailingZeros>True</trailingZeros><symbol>in</symbol><secondSymbol>in</secondSymbol><fractionSeparator>-</fractionSeparator><decimalPlaces>3</decimalPlaces><largestDenominator>0</largestDenominator><minorsInMajor>8</minorsInMajor><minorTickInterval>0.003175</minorTickInterval><angularPrecision>1</angularPrecision><angularTrailingZeros>False</angularTrailingZeros></lengthProperties><angleFactor>57.295779513082323</angleFactor><textHeightUnits>INCHES</textHeightUnits><newMassSymbol>lb</newMassSymbol><newMassType>POUNDS</newMassType><newMassFactor>2.20462</newMassFactor><dualDimensionDisplay>False</dualDimensionDisplay><extendedInformationDisplay>None</extendedInformationDisplay><nearestFractionLargestDenominator>16</nearestFractionLargestDenominator><showNearestFromBothSides>False</showNearestFromBothSides><useTightTolerance>False</useTightTolerance><densityProperties><massType>POUNDS</massType><lengthType>INCHES</lengthType><massSymbol>lb</massSymbol><lengthSymbol>in</lengthSymbol><massFactor>2.20462</massFactor><lengthFactor>39.370078740157481</lengthFactor></densityProperties><angularUnits>Degrees</angularUnits></alternateUnits><unitsSecondary><massFactor>1</massFactor><derivedDensity>True</derivedDensity><timeFactor>1</timeFactor><lengthProperties><type>INCHES</type><factor>39.370078740157481</factor><symbolDisplay>True</symbolDisplay><annotationSymbolDisplay>False</annotationSymbolDisplay><trailingZeros>True</trailingZeros><symbol>in</symbol><secondSymbol></secondSymbol><fractionSeparator></fractionSeparator><decimalPlaces>3</decimalPlaces><largestDenominator>0</largestDenominator><minorsInMajor>10</minorsInMajor><minorTickInterval>0.0025399999999999997</minorTickInterval><angularPrecision>1</angularPrecision><angularTrailingZeros>False</angularTrailingZeros></lengthProperties><angleFactor>57.295779513082323</angleFactor><textHeightUnits>INCHES</textHeightUnits><newMassSymbol>lb</newMassSymbol><newMassType>POUNDS</newMassType><newMassFactor>2.20462</newMassFactor><dualDimensionDisplay>False</dualDimensionDisplay><extendedInformationDisplay>None</extendedInformationDisplay><nearestFractionLargestDenominator>16</nearestFractionLargestDenominator><showNearestFromBothSides>False</showNearestFromBothSides><useTightTolerance>False</useTightTolerance><densityProperties><massType>OUNCES</massType><lengthType>INCHES</lengthType><massSymbol>oz</massSymbol><lengthSymbol>in</lengthSymbol><massFactor>35.27392</massFactor><lengthFactor>39.370078740157481</lengthFactor></densityProperties><angularUnits>Degrees</angularUnits></unitsSecondary><alternateUnitsSecondary><massFactor>1</massFactor><derivedDensity>True</derivedDensity><timeFactor>1</timeFactor><lengthProperties><type>MM</type><factor>1000</factor><symbolDisplay>True</symbolDisplay><annotationSymbolDisplay>False</annotationSymbolDisplay><trailingZeros>False</trailingZeros><symbol>mm</symbol><secondSymbol></secondSymbol><fractionSeparator></fractionSeparator><decimalPlaces>3</decimalPlaces><largestDenominator>0</largestDenominator><minorsInMajor>10</minorsInMajor><minorTickInterval>0.0001</minorTickInterval><angularPrecision>1</angularPrecision><angularTrailingZeros>False</angularTrailingZeros></lengthProperties><angleFactor>57.295779513082323</angleFactor><textHeightUnits>MM</textHeightUnits><newMassSymbol>kg</newMassSymbol><newMassType>KILOGRAMS</newMassType><newMassFactor>1</newMassFactor><dualDimensionDisplay>False</dualDimensionDisplay><extendedInformationDisplay>None</extendedInformationDisplay><nearestFractionLargestDenominator>16</nearestFractionLargestDenominator><showNearestFromBothSides>False</showNearestFromBothSides><useTightTolerance>False</useTightTolerance><densityProperties><massType>GRAMS</massType><lengthType>CM</lengthType><massSymbol>g</massSymbol><lengthSymbol>cm</lengthSymbol><massFactor>1000</massFactor><lengthFactor>100</lengthFactor></densityProperties><angularUnits>Degrees</angularUnits></alternateUnitsSecondary></DocumentUnitsDef><DocumentDetailSettingsDef Id="0:19"><updateState>0:19</updateState><settings><defaultViewProjection>ThirdAngle</defaultViewProjection><defaultViewLayout>BottomLeft</defaultViewLayout><sectionLineArrowSize>0.0028</sectionLineArrowSize><sectionLineLength>0.014</sectionLineLength><leaderCircleSize>0.0009</leaderCircleSize><leaderArrowLength>0.0025</leaderArrowLength><leaderArrowWidth>0.0006</leaderArrowWidth><defaultLeaderShoulderLength>0.00564444444</defaultLeaderShoulderLength><leaderTextBoxGap>0.00141111111</leaderTextBoxGap><defaultFillStyle>Filled</defaultFillStyle><enforceDimensionLine>False</enforceDimensionLine><dimensionTextIsHorizontal>True</dimensionTextIsHorizontal><defaultDimensionTextLocation>MiddleOfTopLine</defaultDimensionTextLocation><tightDimensionTextDistance>False</tightDimensionTextDistance><dimensionTextOffset>0</dimensionTextOffset><defaultGtolFontName>SpaceClaim ASME CB</defaultGtolFontName><extensionLineGap>0.001</extensionLineGap><extensionLineExtend>0.002</extensionLineExtend><dimensionLineExtend>0.006</dimensionLineExtend><annotationCreationColor>Black</annotationCreationColor><detailViewClippedEdgesColor>Black</detailViewClippedEdgesColor><brokenViewClippedEdgesColor>Black</brokenViewClippedEdgesColor><defaultToleranceVerticalPosition>Middle</defaultToleranceVerticalPosition><fractionalScaleDivider>:</fractionalScaleDivider><minimumDefaultHatchSpacing>0.0007</minimumDefaultHatchSpacing><maximumDefaultHatchSpacing>0.02</maximumDefaultHatchSpacing><detailViewBoundaryRendering>PhantomThin</detailViewBoundaryRendering><detailViewNoteLayout>TwoLines</detailViewNoteLayout><crossSectionArrowsRendering>PhantomThick</crossSectionArrowsRendering><detailViewNoteScaleText>SCALE</detailViewNoteScaleText><detailViewNoteDetailText>DETAIL</detailViewNoteDetailText><defaultTextHeight>0.0035</defaultTextHeight><detailViewNameTextHeightRatio>1.4</detailViewNameTextHeightRatio><detailViewNotePlacement>Centered</detailViewNotePlacement><crossSectionArrowOutwardDistance>0</crossSectionArrowOutwardDistance><crossSectionArrowPenetrationDistance>0.0075</crossSectionArrowPenetrationDistance><crossSectionArrowDirectionDisplayStyle>From</crossSectionArrowDirectionDisplayStyle><defaultSectionNameNotePrefix>SECTION</defaultSectionNameNotePrefix><defaultThickLineWeight>0.0007</defaultThickLineWeight><defaultThinLineWeight>0.00035</defaultThinLineWeight><defaultMediumLineWeight>0.000525</defaultMediumLineWeight><defaultDetailViewClippedEdgeExtent>0</defaultDetailViewClippedEdgeExtent><defaultBrokenViewClippedEdgeExtent>0</defaultBrokenViewClippedEdgeExtent><defaultForeshortenedCenterSize>0.004</defaultForeshortenedCenterSize><useThickLineWeightForAreaCrossSectionBorderLines>True</useThickLineWeightForAreaCrossSectionBorderLines><threadDisplayStandard>AsmeSimplified</threadDisplayStandard><centerLinesExtend>0.003</centerLinesExtend><crossSectionArrowLineWeight>THICK</crossSectionArrowLineWeight><detailViewBoundaryLineWeight>THIN</detailViewBoundaryLineWeight><virtualSharpRendering>None</virtualSharpRendering><centermarkCrossRadius>0</centermarkCrossRadius><defaultDimensionArrowShape>Arrow</defaultDimensionArrowShape><ordinateDimsShowZeroBaseline>True</ordinateDimsShowZeroBaseline><ordinateDimsDimensionLineAndTextOrientation>HideCommonDimensionLineTextVertical</ordinateDimsDimensionLineAndTextOrientation><datumSymbolAttachment>Triangle</datumSymbolAttachment><datumSymbolFrame>Rectangular</datumSymbolFrame><isTrimBackProportional>False</isTrimBackProportional><showConstructionCurvesOffPlane>True</showConstructionCurvesOffPlane><threadDiameterDimensionDesignationTextOption>Never</threadDiameterDimensionDesignationTextOption><datumCalloutTextHeightRatio>3.5</datumCalloutTextHeightRatio><datumTargetPointSize>0.00494975</datumTargetPointSize><datumTargetHatchSpacing>0.001</datumTargetHatchSpacing><datumTargetHatchAngle>0.78539816339744828</datumTargetHatchAngle><datumCalloutLeaderShape>None</datumCalloutLeaderShape><datumTargetLineShowEndPoints>True</datumTargetLineShowEndPoints><weldingSymbolStandard>AWS</weldingSymbolStandard><hideAnnotationsBehindModel>False</hideAnnotationsBehindModel><projectionArrowsStyle>Double</projectionArrowsStyle><chamferDimensionStyle>Linear</chamferDimensionStyle><chamferDimensionTextStyle>X45</chamferDimensionTextStyle><showNotesForProjectedViews>False</showNotesForProjectedViews><showNotesForAuxiliaryViews>False</showNotesForAuxiliaryViews><projectedViewLabelPrefix>VIEW</projectedViewLabelPrefix><auxiliaryViewLabelPrefix>VIEW</auxiliaryViewLabelPrefix><showProjectedViewArrows>False</showProjectedViewArrows><showAuxiliaryViewArrows>False</showAuxiliaryViewArrows><projectionArrowLength>0.014</projectionArrowLength><assignmentArray><item><key>Annotation</key><value><linestyleId>Solid</linestyleId><lineWeight>THIN</lineWeight></value></item><item><key>AreaCrossHatchingBorderLines</key><value><linestyleId>Solid</linestyleId><lineWeight>THICK</lineWeight></value></item><item><key>BrokenOutSectionClippingEdges</key><value><linestyleId>Solid</linestyleId><lineWeight>THIN</lineWeight></value></item><item><key>BrokenViewClippingEdges</key><value><linestyleId>Solid</linestyleId><lineWeight>THIN</lineWeight></value></item><item><key>CenterLines</key><value><linestyleId>LongDashDotted</linestyleId><lineWeight>THIN</lineWeight></value></item><item><key>CrossHatching</key><value><linestyleId>Solid</linestyleId><lineWeight>THIN</lineWeight></value></item><item><key>CrossHatchingBorderLines</key><value><linestyleId>Solid</linestyleId><lineWeight>THICK</lineWeight></value></item><item><key>CrossSectionCutLineTips</key><value><linestyleId>Solid</linestyleId><lineWeight>THICK</lineWeight></value></item><item><key>DatumTargetAreaBorder</key><value><linestyleId>LongDashDoubleDotted</linestyleId><lineWeight>THIN</lineWeight></value></item><item><key>DatumTargetLine</key><value><linestyleId>LongDashDoubleDotted</linestyleId><lineWeight>THIN</lineWeight></value></item><item><key>DetailViewClippingEdges</key><value><linestyleId>Solid</linestyleId><lineWeight>THICK</lineWeight></value></item><item><key>DrawingHiddenEdges</key><value><linestyleId>Dash</linestyleId><lineWeight>THIN</lineWeight></value></item><item><key>DrawingVisibleEdges</key><value><linestyleId>Solid</linestyleId><lineWeight>THICK</lineWeight></value></item><item><key>ProjectionArrowTipsType</key><value><linestyleId>Solid</linestyleId><lineWeight>THICK</lineWeight></value></item><item><key>ProjectionArrowType</key><value><linestyleId>LongDashDotted</linestyleId><lineWeight>THICK</lineWeight></value></item></assignmentArray></settings></DocumentDetailSettingsDef></DocumentSettingsDef></Document>